stock_id,year,score,basis,bPrime,fPrime,b_bmsy,f_fmsy,rgn_name,species,catch,rgn_catch,rgn_ass_catch_prop
ALBANPAC,2007,0.12261363636363626,"F_Fmsy, B_Bmsy",0.1299999999999999,0.9431818181818181,3.24,0.61,West Vancouver Island,albacore_tuna,2531789.7279273006,30681373.5779273,0.08251878689514452
ALBANPAC,2007,0.12261363636363626,"F_Fmsy, B_Bmsy",0.1299999999999999,0.9431818181818181,3.24,0.61,Strait of Georgia,albacore_tuna,0,7543.88,0
ALBANPAC,2007,0.12261363636363626,"F_Fmsy, B_Bmsy",0.1299999999999999,0.9431818181818181,3.24,0.61,North Coast,albacore_tuna,0,2272795.24,0
ALBANPAC,2007,0.12261363636363626,"F_Fmsy, B_Bmsy",0.1299999999999999,0.9431818181818181,3.24,0.61,Haida Gwaii,albacore_tuna,1011229.5338013016,8397989.8538013,0.12041328358399653
ALBANPAC,2007,0.12261363636363626,"F_Fmsy, B_Bmsy",0.1299999999999999,0.9431818181818181,3.24,0.61,Central Coast,albacore_tuna,75708.83477067496,30044714.924770676,0.0025198719628474835
ALBANPAC,2007,0.12261363636363626,"F_Fmsy, B_Bmsy",0.1299999999999999,0.9431818181818181,3.24,0.61,North Vancouver Island,albacore_tuna,285592.1245877353,9928354.334587734,0.028765303388982463
ALBANPAC,2007,0.12261363636363626,"F_Fmsy, B_Bmsy",0.1299999999999999,0.9431818181818181,3.24,0.61,Aristazabal Island,albacore_tuna,0,27757.55,0
ALBANPAC,2007,0.12261363636363626,"F_Fmsy, B_Bmsy",0.1299999999999999,0.9431818181818181,3.24,0.61,Pacific Offshore,albacore_tuna,1678939.004389407,1981902.384389407,0.8471350645792083
ALBANPAC,2008,0.1515511363636363,"F_Fmsy, B_Bmsy",0.16999999999999993,0.8914772727272727,3.16,0.5645,West Vancouver Island,albacore_tuna,77807.73360619234,44525792.283606194,0.0017474755555296456
ALBANPAC,2008,0.1515511363636363,"F_Fmsy, B_Bmsy",0.16999999999999993,0.8914772727272727,3.16,0.5645,Strait of Georgia,albacore_tuna,0,4651.72,0
ALBANPAC,2008,0.1515511363636363,"F_Fmsy, B_Bmsy",0.16999999999999993,0.8914772727272727,3.16,0.5645,North Coast,albacore_tuna,0,3751913.03,0
ALBANPAC,2008,0.1515511363636363,"F_Fmsy, B_Bmsy",0.16999999999999993,0.8914772727272727,3.16,0.5645,Haida Gwaii,albacore_tuna,485.0173724404311,7450265.52737244,6.510068274190584e-5
ALBANPAC,2008,0.1515511363636363,"F_Fmsy, B_Bmsy",0.16999999999999993,0.8914772727272727,3.16,0.5645,Central Coast,albacore_tuna,0,22705959.03,0
ALBANPAC,2008,0.1515511363636363,"F_Fmsy, B_Bmsy",0.16999999999999993,0.8914772727272727,3.16,0.5645,Aristazabal Island,albacore_tuna,0,27200.52,0
ALBANPAC,2008,0.1515511363636363,"F_Fmsy, B_Bmsy",0.16999999999999993,0.8914772727272727,3.16,0.5645,Pacific Offshore,albacore_tuna,704275.6805741724,1109404.8105741723,0.6348229914468053
ALBANPAC,2009,0,"F_Fmsy, B_Bmsy",0,0.9210227272727273,3.63,0.5905,West Vancouver Island,albacore_tuna,326952.70554374857,37598428.74554375,0.00869591407014581
ALBANPAC,2009,0,"F_Fmsy, B_Bmsy",0,0.9210227272727273,3.63,0.5905,Strait of Georgia,albacore_tuna,0,39409.399999999994,0
ALBANPAC,2009,0,"F_Fmsy, B_Bmsy",0,0.9210227272727273,3.63,0.5905,North Coast,albacore_tuna,0,842187.1699999999,0
ALBANPAC,2009,0,"F_Fmsy, B_Bmsy",0,0.9210227272727273,3.63,0.5905,Haida Gwaii,albacore_tuna,11018.71285207852,7728132.262852078,0.001425792478351302
ALBANPAC,2009,0,"F_Fmsy, B_Bmsy",0,0.9210227272727273,3.63,0.5905,Central Coast,albacore_tuna,0,12261406.66,0
ALBANPAC,2009,0,"F_Fmsy, B_Bmsy",0,0.9210227272727273,3.63,0.5905,North Vancouver Island,albacore_tuna,12004.179967900669,5620329.139967901,0.0021358499954273547
ALBANPAC,2009,0,"F_Fmsy, B_Bmsy",0,0.9210227272727273,3.63,0.5905,Aristazabal Island,albacore_tuna,0,25609.350000000002,0
ALBANPAC,2009,0,"F_Fmsy, B_Bmsy",0,0.9210227272727273,3.63,0.5905,Pacific Offshore,albacore_tuna,1193483.571520221,1363114.621520221,0.8755562831460071
ALBANPAC,2010,0,"F_Fmsy, B_Bmsy",0,0.9321022727272726,3.67,0.60025,West Vancouver Island,albacore_tuna,2038730.8418137885,50293848.72181379,0.04053638553474903
ALBANPAC,2010,0,"F_Fmsy, B_Bmsy",0,0.9321022727272726,3.67,0.60025,Strait of Georgia,albacore_tuna,0,5777.28,0
ALBANPAC,2010,0,"F_Fmsy, B_Bmsy",0,0.9321022727272726,3.67,0.60025,North Coast,albacore_tuna,0,1510411.17,0
ALBANPAC,2010,0,"F_Fmsy, B_Bmsy",0,0.9321022727272726,3.67,0.60025,Haida Gwaii,albacore_tuna,4887.652339547435,9271802.082339548,5.271523589634408e-4
ALBANPAC,2010,0,"F_Fmsy, B_Bmsy",0,0.9321022727272726,3.67,0.60025,Central Coast,albacore_tuna,1199.315684579975,8697299.17568458,1.3789518566096405e-4
ALBANPAC,2010,0,"F_Fmsy, B_Bmsy",0,0.9321022727272726,3.67,0.60025,North Vancouver Island,albacore_tuna,177280.4635002381,2809721.113500238,0.0630953950014595
ALBANPAC,2010,0,"F_Fmsy, B_Bmsy",0,0.9321022727272726,3.67,0.60025,Aristazabal Island,albacore_tuna,0,50359.26,0
ALBANPAC,2010,0,"F_Fmsy, B_Bmsy",0,0.9321022727272726,3.67,0.60025,Pacific Offshore,albacore_tuna,8486498.880050795,8853016.400050795,0.9585997016793173
ALBANPAC,2011,0.09709517045454544,"F_Fmsy, B_Bmsy",0.10499999999999998,0.9247159090909091,3.29,0.59375,West Vancouver Island,albacore_tuna,946938.5233381541,38430000.49333815,0.024640606588134342
ALBANPAC,2011,0.09709517045454544,"F_Fmsy, B_Bmsy",0.10499999999999998,0.9247159090909091,3.29,0.59375,Strait of Georgia,albacore_tuna,0,5808.61,0
ALBANPAC,2011,0.09709517045454544,"F_Fmsy, B_Bmsy",0.10499999999999998,0.9247159090909091,3.29,0.59375,North Coast,albacore_tuna,0,1116084.9,0
ALBANPAC,2011,0.09709517045454544,"F_Fmsy, B_Bmsy",0.10499999999999998,0.9247159090909091,3.29,0.59375,Haida Gwaii,albacore_tuna,545490.6774678566,6944092.757467857,0.07855463579187098
ALBANPAC,2011,0.09709517045454544,"F_Fmsy, B_Bmsy",0.10499999999999998,0.9247159090909091,3.29,0.59375,Central Coast,albacore_tuna,583357.9852929505,9898788.07529295,0.0589322633089795
ALBANPAC,2011,0.09709517045454544,"F_Fmsy, B_Bmsy",0.10499999999999998,0.9247159090909091,3.29,0.59375,North Vancouver Island,albacore_tuna,88300.84462710982,12968920.78462711,0.006808650163996564
ALBANPAC,2011,0.09709517045454544,"F_Fmsy, B_Bmsy",0.10499999999999998,0.9247159090909091,3.29,0.59375,Pacific Offshore,albacore_tuna,920117.0858635072,1307708.5958635071,0.7036101840838133
ALBANPAC,2012,0.27132954545454546,"F_Fmsy, B_Bmsy",0.28,0.9690340909090908,2.94,0.6327499999999999,West Vancouver Island,albacore_tuna,3531231.8599754847,31486315.389975484,0.11215132085921198
ALBANPAC,2012,0.27132954545454546,"F_Fmsy, B_Bmsy",0.28,0.9690340909090908,2.94,0.6327499999999999,Strait of Georgia,albacore_tuna,0,459578.76,0
ALBANPAC,2012,0.27132954545454546,"F_Fmsy, B_Bmsy",0.28,0.9690340909090908,2.94,0.6327499999999999,North Coast,albacore_tuna,0,1012947.5,0
ALBANPAC,2012,0.27132954545454546,"F_Fmsy, B_Bmsy",0.28,0.9690340909090908,2.94,0.6327499999999999,Haida Gwaii,albacore_tuna,530603.3060613944,6389441.196061395,0.08304377327840047
ALBANPAC,2012,0.27132954545454546,"F_Fmsy, B_Bmsy",0.28,0.9690340909090908,2.94,0.6327499999999999,Central Coast,albacore_tuna,5586.353344790032,6656683.4033447895,8.39209709445255e-4
ALBANPAC,2012,0.27132954545454546,"F_Fmsy, B_Bmsy",0.28,0.9690340909090908,2.94,0.6327499999999999,North Vancouver Island,albacore_tuna,27310.03622418385,15909815.066224184,0.0017165527135611913
ALBANPAC,2012,0.27132954545454546,"F_Fmsy, B_Bmsy",0.28,0.9690340909090908,2.94,0.6327499999999999,Aristazabal Island,albacore_tuna,0,28531.95,0
ALBANPAC,2012,0.27132954545454546,"F_Fmsy, B_Bmsy",0.28,0.9690340909090908,2.94,0.6327499999999999,Pacific Offshore,albacore_tuna,5591734.161515194,5900517.581515194,0.947668417942294
ALBANPAC,2013,0.23741335227272733,"F_Fmsy, B_Bmsy",0.2450000000000001,0.9690340909090908,3.01,0.6327499999999999,West Vancouver Island,albacore_tuna,4196522.616492354,35427766.426492356,0.1184529266105316
ALBANPAC,2013,0.23741335227272733,"F_Fmsy, B_Bmsy",0.2450000000000001,0.9690340909090908,3.01,0.6327499999999999,North Coast,albacore_tuna,0,1183364.02,0
ALBANPAC,2013,0.23741335227272733,"F_Fmsy, B_Bmsy",0.2450000000000001,0.9690340909090908,3.01,0.6327499999999999,Haida Gwaii,albacore_tuna,656495.1050062611,6443468.015006261,0.10188536723971357
ALBANPAC,2013,0.23741335227272733,"F_Fmsy, B_Bmsy",0.2450000000000001,0.9690340909090908,3.01,0.6327499999999999,Central Coast,albacore_tuna,5240.536383291593,4688138.166383292,0.0011178289114577129
ALBANPAC,2013,0.23741335227272733,"F_Fmsy, B_Bmsy",0.2450000000000001,0.9690340909090908,3.01,0.6327499999999999,North Vancouver Island,albacore_tuna,54650.10383450326,18249848.253834505,0.002994551136775652
ALBANPAC,2013,0.23741335227272733,"F_Fmsy, B_Bmsy",0.2450000000000001,0.9690340909090908,3.01,0.6327499999999999,Aristazabal Island,albacore_tuna,0,32967.89,0
ALBANPAC,2013,0.23741335227272733,"F_Fmsy, B_Bmsy",0.2450000000000001,0.9690340909090908,3.01,0.6327499999999999,Pacific Offshore,albacore_tuna,9603785.750718707,9924771.960718708,0.9676580770550262
ALBANPAC,2014,0.11894318181818192,"F_Fmsy, B_Bmsy",0.1200000000000001,0.9911931818181818,3.26,0.65225,West Vancouver Island,albacore_tuna,760989.884797351,32062018.96479735,0.0237349333999485
ALBANPAC,2014,0.11894318181818192,"F_Fmsy, B_Bmsy",0.1200000000000001,0.9911931818181818,3.26,0.65225,Strait of Georgia,albacore_tuna,0,2958121.59,0
ALBANPAC,2014,0.11894318181818192,"F_Fmsy, B_Bmsy",0.1200000000000001,0.9911931818181818,3.26,0.65225,North Coast,albacore_tuna,4709.077761512549,835639.5377615126,0.005635297934953021
ALBANPAC,2014,0.11894318181818192,"F_Fmsy, B_Bmsy",0.1200000000000001,0.9911931818181818,3.26,0.65225,Haida Gwaii,albacore_tuna,4791981.564467628,10173143.454467628,0.47104236619834405
ALBANPAC,2014,0.11894318181818192,"F_Fmsy, B_Bmsy",0.1200000000000001,0.9911931818181818,3.26,0.65225,Central Coast,albacore_tuna,77852.7991007337,2313565.739100734,0.03365056708135491
ALBANPAC,2014,0.11894318181818192,"F_Fmsy, B_Bmsy",0.1200000000000001,0.9911931818181818,3.26,0.65225,North Vancouver Island,albacore_tuna,68989.30613899716,4692213.0761389965,0.014702935484712736
ALBANPAC,2014,0.11894318181818192,"F_Fmsy, B_Bmsy",0.1200000000000001,0.9911931818181818,3.26,0.65225,Aristazabal Island,albacore_tuna,0,43925.350000000006,0
ALBANPAC,2014,0.11894318181818192,"F_Fmsy, B_Bmsy",0.1200000000000001,0.9911931818181818,3.26,0.65225,Pacific Offshore,albacore_tuna,6872121.781424717,7443349.461424717,0.9232566356100306
ALBANPAC,2015,0.12251420454545453,"F_Fmsy, B_Bmsy",0.125,0.9801136363636362,3.25,0.6425,West Vancouver Island,albacore_tuna,1908236.0439447786,25031930.69394478,0.07623207603424616
ALBANPAC,2015,0.12251420454545453,"F_Fmsy, B_Bmsy",0.125,0.9801136363636362,3.25,0.6425,Strait of Georgia,albacore_tuna,0,5132995.22,0
ALBANPAC,2015,0.12251420454545453,"F_Fmsy, B_Bmsy",0.125,0.9801136363636362,3.25,0.6425,North Coast,albacore_tuna,14229.805742319088,728413.965742319,0.01953532800241912
ALBANPAC,2015,0.12251420454545453,"F_Fmsy, B_Bmsy",0.125,0.9801136363636362,3.25,0.6425,Haida Gwaii,albacore_tuna,5404673.277350571,11900006.517350571,0.45417397624702077
ALBANPAC,2015,0.12251420454545453,"F_Fmsy, B_Bmsy",0.125,0.9801136363636362,3.25,0.6425,Central Coast,albacore_tuna,1994105.1814868867,7489814.761486887,0.26624225631596454
ALBANPAC,2015,0.12251420454545453,"F_Fmsy, B_Bmsy",0.125,0.9801136363636362,3.25,0.6425,North Vancouver Island,albacore_tuna,840287.6628225365,14080445.392822538,0.05967763372392115
ALBANPAC,2015,0.12251420454545453,"F_Fmsy, B_Bmsy",0.125,0.9801136363636362,3.25,0.6425,Pacific Offshore,albacore_tuna,3400032.756640329,3525191.056640329,0.9644960236228213
ALBANPAC,2016,0.12251420454545453,"F_Fmsy, B_Bmsy",0.125,0.9801136363636362,3.25,0.6425,NA,NA,NA,NA,NA
BOCACCBCW,2007,0.10892413499999999,B_Bmsy only,0.10892413499999999,NA,0.087139308,NA,West Vancouver Island,bocaccio,16810.36,30681373.5779273,5.479011543372902e-4
BOCACCBCW,2007,0.10892413499999999,B_Bmsy only,0.10892413499999999,NA,0.087139308,NA,North Coast,bocaccio,1147.11,2272795.24,5.047133062457487e-4
BOCACCBCW,2007,0.10892413499999999,B_Bmsy only,0.10892413499999999,NA,0.087139308,NA,Haida Gwaii,bocaccio,11001.3,8397989.8538013,0.0013099920566134436
BOCACCBCW,2007,0.10892413499999999,B_Bmsy only,0.10892413499999999,NA,0.087139308,NA,Central Coast,bocaccio,37738.37,30044714.924770676,0.0012560734922762145
BOCACCBCW,2007,0.10892413499999999,B_Bmsy only,0.10892413499999999,NA,0.087139308,NA,North Vancouver Island,bocaccio,12357.81,9928354.334587734,0.0012446987268523134
BOCACCBCW,2007,0.10892413499999999,B_Bmsy only,0.10892413499999999,NA,0.087139308,NA,Pacific Offshore,bocaccio,50.72,1981902.384389407,2.5591573227571465e-5
BOCACCBCW,2008,0.10605771124999999,B_Bmsy only,0.10605771124999999,NA,0.084846169,NA,West Vancouver Island,bocaccio,31358.38,44525792.283606194,7.042744978071e-4
BOCACCBCW,2008,0.10605771124999999,B_Bmsy only,0.10605771124999999,NA,0.084846169,NA,North Coast,bocaccio,890.56,3751913.03,2.373615787144192e-4
BOCACCBCW,2008,0.10605771124999999,B_Bmsy only,0.10605771124999999,NA,0.084846169,NA,Haida Gwaii,bocaccio,9074.02,7450265.52737244,0.0012179458526225474
BOCACCBCW,2008,0.10605771124999999,B_Bmsy only,0.10605771124999999,NA,0.084846169,NA,Central Coast,bocaccio,21181.62,22705959.03,9.328661243514979e-4
BOCACCBCW,2008,0.10605771124999999,B_Bmsy only,0.10605771124999999,NA,0.084846169,NA,North Vancouver Island,bocaccio,12529.97,2432808.94,0.005150412674823531
BOCACCBCW,2008,0.10605771124999999,B_Bmsy only,0.10605771124999999,NA,0.084846169,NA,Aristazabal Island,bocaccio,67.4,27200.52,0.0024778938049713757
BOCACCBCW,2009,0.09936938625,B_Bmsy only,0.09936938625,NA,0.079495509,NA,West Vancouver Island,bocaccio,16530.3,37598428.74554375,4.396540108596748e-4
BOCACCBCW,2009,0.09936938625,B_Bmsy only,0.09936938625,NA,0.079495509,NA,Strait of Georgia,bocaccio,0,39409.399999999994,0
BOCACCBCW,2009,0.09936938625,B_Bmsy only,0.09936938625,NA,0.079495509,NA,North Coast,bocaccio,699.88,842187.1699999999,8.310266707102651e-4
BOCACCBCW,2009,0.09936938625,B_Bmsy only,0.09936938625,NA,0.079495509,NA,Haida Gwaii,bocaccio,8229.78,7728132.262852078,0.0010649118985138575
BOCACCBCW,2009,0.09936938625,B_Bmsy only,0.09936938625,NA,0.079495509,NA,Central Coast,bocaccio,17854.42,12261406.66,0.0014561477728526784
BOCACCBCW,2009,0.09936938625,B_Bmsy only,0.09936938625,NA,0.079495509,NA,North Vancouver Island,bocaccio,22561.37,5620329.139967901,0.004014243550179136
BOCACCBCW,2009,0.09936938625,B_Bmsy only,0.09936938625,NA,0.079495509,NA,Aristazabal Island,bocaccio,204.18,25609.350000000002,0.007972869284070075
BOCACCBCW,2009,0.09936938625,B_Bmsy only,0.09936938625,NA,0.079495509,NA,Pacific Offshore,bocaccio,0,1363114.621520221,0
BOCACCBCW,2010,0.09220332499999999,B_Bmsy only,0.09220332499999999,NA,0.07376266,NA,West Vancouver Island,bocaccio,15512.27,50293848.72181379,3.084327486210439e-4
BOCACCBCW,2010,0.09220332499999999,B_Bmsy only,0.09220332499999999,NA,0.07376266,NA,Strait of Georgia,bocaccio,0,5777.28,0
BOCACCBCW,2010,0.09220332499999999,B_Bmsy only,0.09220332499999999,NA,0.07376266,NA,North Coast,bocaccio,509.09,1510411.17,3.370539162524864e-4
BOCACCBCW,2010,0.09220332499999999,B_Bmsy only,0.09220332499999999,NA,0.07376266,NA,Haida Gwaii,bocaccio,6888.77,9271802.082339548,7.429806998492101e-4
BOCACCBCW,2010,0.09220332499999999,B_Bmsy only,0.09220332499999999,NA,0.07376266,NA,Central Coast,bocaccio,12527.43,8697299.17568458,0.0014403816342231257
BOCACCBCW,2010,0.09220332499999999,B_Bmsy only,0.09220332499999999,NA,0.07376266,NA,North Vancouver Island,bocaccio,14632.72,2809721.113500238,0.005207890537495781
BOCACCBCW,2010,0.09220332499999999,B_Bmsy only,0.09220332499999999,NA,0.07376266,NA,Aristazabal Island,bocaccio,20.98,50359.26,4.166065982701096e-4
BOCACCBCW,2010,0.09220332499999999,B_Bmsy only,0.09220332499999999,NA,0.07376266,NA,Pacific Offshore,bocaccio,0,8853016.400050795,0
BOCACCBCW,2011,0.0917255875,B_Bmsy only,0.0917255875,NA,0.07338047,NA,West Vancouver Island,bocaccio,18401.75,38430000.49333815,4.7883814113377246e-4
BOCACCBCW,2011,0.0917255875,B_Bmsy only,0.0917255875,NA,0.07338047,NA,North Coast,bocaccio,100.56,1116084.9,9.010067244884328e-5
BOCACCBCW,2011,0.0917255875,B_Bmsy only,0.0917255875,NA,0.07338047,NA,Haida Gwaii,bocaccio,4503.77,6944092.757467857,6.485757257715963e-4
BOCACCBCW,2011,0.0917255875,B_Bmsy only,0.0917255875,NA,0.07338047,NA,Central Coast,bocaccio,21585.23,9898788.07529295,0.002180593203513067
BOCACCBCW,2011,0.0917255875,B_Bmsy only,0.0917255875,NA,0.07338047,NA,North Vancouver Island,bocaccio,24386.73,12968920.78462711,0.001880397791380386
BOCACCBCW,2011,0.0917255875,B_Bmsy only,0.0917255875,NA,0.07338047,NA,Aristazabal Island,bocaccio,22.77,30500.67,7.465409776244259e-4
BOCACCBCW,2012,0.08981463749999999,B_Bmsy only,0.08981463749999999,NA,0.07185171,NA,West Vancouver Island,bocaccio,13985.75,31486315.389975484,4.441850317123083e-4
BOCACCBCW,2012,0.08981463749999999,B_Bmsy only,0.08981463749999999,NA,0.07185171,NA,Strait of Georgia,bocaccio,7.99,459578.76,1.7385485787028104e-5
BOCACCBCW,2012,0.08981463749999999,B_Bmsy only,0.08981463749999999,NA,0.07185171,NA,North Coast,bocaccio,331.84,1012947.5,3.2759841946399e-4
BOCACCBCW,2012,0.08981463749999999,B_Bmsy only,0.08981463749999999,NA,0.07185171,NA,Haida Gwaii,bocaccio,9444.69,6389441.196061395,0.0014781715192592952
BOCACCBCW,2012,0.08981463749999999,B_Bmsy only,0.08981463749999999,NA,0.07185171,NA,Central Coast,bocaccio,15092.54,6656683.4033447895,0.0022672762223326466
BOCACCBCW,2012,0.08981463749999999,B_Bmsy only,0.08981463749999999,NA,0.07185171,NA,North Vancouver Island,bocaccio,29982.51,15909815.066224184,0.001884529133443638
BOCACCBCW,2012,0.08981463749999999,B_Bmsy only,0.08981463749999999,NA,0.07185171,NA,Pacific Offshore,bocaccio,0,5900517.581515194,0
BOCACCBCW,2013,0.08981463749999999,B_Bmsy only,0.08981463749999999,NA,0.07185171,NA,West Vancouver Island,bocaccio,15713.47,35427766.426492356,4.4353544084138765e-4
BOCACCBCW,2013,0.08981463749999999,B_Bmsy only,0.08981463749999999,NA,0.07185171,NA,Strait of Georgia,bocaccio,0,2220359.48,0
BOCACCBCW,2013,0.08981463749999999,B_Bmsy only,0.08981463749999999,NA,0.07185171,NA,North Coast,bocaccio,305.83,1183364.02,2.584411853252053e-4
BOCACCBCW,2013,0.08981463749999999,B_Bmsy only,0.08981463749999999,NA,0.07185171,NA,Haida Gwaii,bocaccio,6325.66,6443468.015006261,9.817166757510247e-4
BOCACCBCW,2013,0.08981463749999999,B_Bmsy only,0.08981463749999999,NA,0.07185171,NA,Central Coast,bocaccio,7907.35,4688138.166383292,0.0016866717062010569
BOCACCBCW,2013,0.08981463749999999,B_Bmsy only,0.08981463749999999,NA,0.07185171,NA,North Vancouver Island,bocaccio,10108.84,18249848.253834505,5.539136468094202e-4
BOCACCBCW,2014,0.08981463749999999,B_Bmsy only,0.08981463749999999,NA,0.07185171,NA,West Vancouver Island,bocaccio,19737.6,32062018.96479735,6.156068967980772e-4
BOCACCBCW,2014,0.08981463749999999,B_Bmsy only,0.08981463749999999,NA,0.07185171,NA,North Coast,bocaccio,199.33,835639.5377615126,2.3853586503812344e-4
BOCACCBCW,2014,0.08981463749999999,B_Bmsy only,0.08981463749999999,NA,0.07185171,NA,Haida Gwaii,bocaccio,4705.86,10173143.454467628,4.625767857361117e-4
BOCACCBCW,2014,0.08981463749999999,B_Bmsy only,0.08981463749999999,NA,0.07185171,NA,Central Coast,bocaccio,8143.07,2313565.739100734,0.003519705475568268
BOCACCBCW,2014,0.08981463749999999,B_Bmsy only,0.08981463749999999,NA,0.07185171,NA,North Vancouver Island,bocaccio,7208.41,4692213.0761389965,0.001536249501681084
BOCACCBCW,2015,0.08981463749999999,B_Bmsy only,0.08981463749999999,NA,0.07185171,NA,West Vancouver Island,bocaccio,6291.08,25031930.69394478,2.5132220430451304e-4
BOCACCBCW,2015,0.08981463749999999,B_Bmsy only,0.08981463749999999,NA,0.07185171,NA,North Coast,bocaccio,67.11,728413.965742319,9.21316767061281e-5
BOCACCBCW,2015,0.08981463749999999,B_Bmsy only,0.08981463749999999,NA,0.07185171,NA,Haida Gwaii,bocaccio,4523.35,11900006.517350571,3.8011323719905685e-4
BOCACCBCW,2015,0.08981463749999999,B_Bmsy only,0.08981463749999999,NA,0.07185171,NA,Central Coast,bocaccio,6030.82,7489814.761486887,8.052028243756931e-4
BOCACCBCW,2015,0.08981463749999999,B_Bmsy only,0.08981463749999999,NA,0.07185171,NA,North Vancouver Island,bocaccio,6782.35,14080445.392822538,4.816857571463813e-4
BOCACCBCW,2015,0.08981463749999999,B_Bmsy only,0.08981463749999999,NA,0.07185171,NA,Aristazabal Island,bocaccio,0,28485.460000000003,0
BOCACCBCW,2016,0.08981463749999999,B_Bmsy only,0.08981463749999999,NA,0.07185171,NA,NA,NA,NA,NA,NA
LINGCODSOG,2007,0.4081888974999999,B_Bmsy only,0.4081888974999999,NA,0.326551118,NA,West Vancouver Island,lingcod,755489.55,30681373.5779273,0.024623719928351318
LINGCODSOG,2007,0.4081888974999999,B_Bmsy only,0.4081888974999999,NA,0.326551118,NA,North Vancouver Island,lingcod,206927.79,9928354.334587734,0.02084210363837629
LINGCODSOG,2008,0.42702838499999995,B_Bmsy only,0.42702838499999995,NA,0.341622708,NA,West Vancouver Island,lingcod,975781.34,44525792.283606194,0.021914968604820756
LINGCODSOG,2008,0.42702838499999995,B_Bmsy only,0.42702838499999995,NA,0.341622708,NA,Strait of Georgia,lingcod,41.51,4651.72,0.00892358095500159
LINGCODSOG,2008,0.42702838499999995,B_Bmsy only,0.42702838499999995,NA,0.341622708,NA,North Vancouver Island,lingcod,292115.78,2432808.94,0.12007345714538521
LINGCODSOG,2009,0.44743783,B_Bmsy only,0.44743783,NA,0.357950264,NA,West Vancouver Island,lingcod,769212.23,37598428.74554375,0.020458627013533612
LINGCODSOG,2009,0.44743783,B_Bmsy only,0.44743783,NA,0.357950264,NA,Strait of Georgia,lingcod,0,39409.399999999994,0
LINGCODSOG,2009,0.44743783,B_Bmsy only,0.44743783,NA,0.357950264,NA,North Vancouver Island,lingcod,189462.29,5620329.139967901,0.03371017698103746
LINGCODSOG,2010,0.46941723125,B_Bmsy only,0.46941723125,NA,0.375533785,NA,West Vancouver Island,lingcod,546608.69,50293848.72181379,0.01086830107243157
LINGCODSOG,2010,0.46941723125,B_Bmsy only,0.46941723125,NA,0.375533785,NA,Strait of Georgia,lingcod,39.98,5777.28,0.006920211587459843
LINGCODSOG,2010,0.46941723125,B_Bmsy only,0.46941723125,NA,0.375533785,NA,North Vancouver Island,lingcod,192444.5,2809721.113500238,0.06849238491156169
LINGCODSOG,2011,0.49296659125000003,B_Bmsy only,0.49296659125000003,NA,0.394373273,NA,West Vancouver Island,lingcod,580727.19,38430000.49333815,0.015111298010539165
LINGCODSOG,2011,0.49296659125000003,B_Bmsy only,0.49296659125000003,NA,0.394373273,NA,Strait of Georgia,lingcod,0,5808.61,0
LINGCODSOG,2011,0.49296659125000003,B_Bmsy only,0.49296659125000003,NA,0.394373273,NA,North Vancouver Island,lingcod,203139.67,12968920.78462711,0.01566357551052316
LINGCODSOG,2012,0.5149459937499999,B_Bmsy only,0.5149459937499999,NA,0.411956795,NA,West Vancouver Island,lingcod,547553.18,31486315.389975484,0.01739019549344692
LINGCODSOG,2012,0.5149459937499999,B_Bmsy only,0.5149459937499999,NA,0.411956795,NA,Strait of Georgia,lingcod,0,459578.76,0
LINGCODSOG,2012,0.5149459937499999,B_Bmsy only,0.5149459937499999,NA,0.411956795,NA,North Vancouver Island,lingcod,239187.83,15909815.066224184,0.015033979276590392
LINGCODSOG,2013,0.53692539625,B_Bmsy only,0.53692539625,NA,0.429540317,NA,West Vancouver Island,lingcod,550790.88,35427766.426492356,0.015546870027576076
LINGCODSOG,2013,0.53692539625,B_Bmsy only,0.53692539625,NA,0.429540317,NA,Strait of Georgia,lingcod,0,2220359.48,0
LINGCODSOG,2013,0.53692539625,B_Bmsy only,0.53692539625,NA,0.429540317,NA,North Vancouver Island,lingcod,231639.17,18249848.253834505,0.012692662797967645
LINGCODSOG,2014,0.5589047975,B_Bmsy only,0.5589047975,NA,0.447123838,NA,West Vancouver Island,lingcod,527508.76,32062018.96479735,0.01645276177333626
LINGCODSOG,2014,0.5589047975,B_Bmsy only,0.5589047975,NA,0.447123838,NA,Strait of Georgia,lingcod,0,2958121.59,0
LINGCODSOG,2014,0.5589047975,B_Bmsy only,0.5589047975,NA,0.447123838,NA,North Vancouver Island,lingcod,152806.92,4692213.0761389965,0.03256606584578587
LINGCODSOG,2015,0.5589047975,B_Bmsy only,0.5589047975,NA,0.447123838,NA,West Vancouver Island,lingcod,718578.76,25031930.69394478,0.028706485679661303
LINGCODSOG,2015,0.5589047975,B_Bmsy only,0.5589047975,NA,0.447123838,NA,Strait of Georgia,lingcod,0,5132995.22,0
LINGCODSOG,2015,0.5589047975,B_Bmsy only,0.5589047975,NA,0.447123838,NA,North Vancouver Island,lingcod,207748.39,14080445.392822538,0.01475439051849163
LINGCODSOG,2016,0.5589047975,B_Bmsy only,0.5589047975,NA,0.447123838,NA,NA,NA,NA,NA,NA
PCODHS,2007,0.51407207375,B_Bmsy only,0.51407207375,NA,0.411257659,NA,North Coast,pacific_cod,82107.32,2272795.24,0.036126140426094876
PCODHS,2007,0.51407207375,B_Bmsy only,0.51407207375,NA,0.411257659,NA,Haida Gwaii,pacific_cod,106556.37599055235,8397989.8538013,0.012688319210378687
PCODHS,2007,0.51407207375,B_Bmsy only,0.51407207375,NA,0.411257659,NA,Central Coast,pacific_cod,6972.43939976252,30044714.924770676,2.3206874877065387e-4
PCODHS,2007,0.51407207375,B_Bmsy only,0.51407207375,NA,0.411257659,NA,Aristazabal Island,pacific_cod,307.72184492262153,27757.55,0.011086059285586139
PCODHS,2008,0.6380465262499999,B_Bmsy only,0.6380465262499999,NA,0.510437221,NA,North Coast,pacific_cod,154575.94,3751913.03,0.04119923323489191
PCODHS,2008,0.6380465262499999,B_Bmsy only,0.6380465262499999,NA,0.510437221,NA,Haida Gwaii,pacific_cod,66466.04619163144,7450265.52737244,0.00892129897215525
PCODHS,2008,0.6380465262499999,B_Bmsy only,0.6380465262499999,NA,0.510437221,NA,Central Coast,pacific_cod,2620.8332849222347,22705959.03,1.1542491032682157e-4
PCODHS,2008,0.6380465262499999,B_Bmsy only,0.6380465262499999,NA,0.510437221,NA,Aristazabal Island,pacific_cod,619.5715708325625,27200.52,0.02277793111427879
PCODHS,2009,0.7918786999999999,B_Bmsy only,0.7918786999999999,NA,0.63350296,NA,North Coast,pacific_cod,242527.99,842187.1699999999,0.2879739785159634
PCODHS,2009,0.7918786999999999,B_Bmsy only,0.7918786999999999,NA,0.63350296,NA,Haida Gwaii,pacific_cod,235927.8415505492,7728132.262852078,0.030528442517038352
PCODHS,2009,0.7918786999999999,B_Bmsy only,0.7918786999999999,NA,0.63350296,NA,Central Coast,pacific_cod,8618.079909502625,12261406.66,7.028622529596963e-4
PCODHS,2009,0.7918786999999999,B_Bmsy only,0.7918786999999999,NA,0.63350296,NA,Aristazabal Island,pacific_cod,159.93591712189405,25609.350000000002,0.006245215795086328
PCODHS,2010,0.88275002625,B_Bmsy only,0.88275002625,NA,0.706200021,NA,North Coast,pacific_cod,534028.64,1510411.17,0.3535650759256501
PCODHS,2010,0.88275002625,B_Bmsy only,0.88275002625,NA,0.706200021,NA,Haida Gwaii,pacific_cod,395016.0714074252,9271802.082339548,0.042604023241590926
PCODHS,2010,0.88275002625,B_Bmsy only,0.88275002625,NA,0.706200021,NA,Central Coast,pacific_cod,49005.29168630727,8697299.17568458,0.005634541332476351
PCODHS,2010,0.88275002625,B_Bmsy only,0.88275002625,NA,0.706200021,NA,Aristazabal Island,pacific_cod,235.2210672986415,50359.26,0.004670860280684058
PCODHS,2011,0.8567867899999999,B_Bmsy only,0.8567867899999999,NA,0.685429432,NA,North Coast,pacific_cod,422841.38,1116084.9,0.3788613034725226
PCODHS,2011,0.8567867899999999,B_Bmsy only,0.8567867899999999,NA,0.685429432,NA,Haida Gwaii,pacific_cod,370828.3592083356,6944092.757467857,0.05340198815886167
PCODHS,2011,0.8567867899999999,B_Bmsy only,0.8567867899999999,NA,0.685429432,NA,Central Coast,pacific_cod,37526.81245732287,9898788.07529295,0.003791051204640754
PCODHS,2011,0.8567867899999999,B_Bmsy only,0.8567867899999999,NA,0.685429432,NA,Aristazabal Island,pacific_cod,1731.9576123682098,30500.67,0.056784248095802806
PCODHS,2012,0.824332745,B_Bmsy only,0.824332745,NA,0.659466196,NA,North Coast,pacific_cod,468486.34,1012947.5,0.4624981452641919
PCODHS,2012,0.824332745,B_Bmsy only,0.824332745,NA,0.659466196,NA,Haida Gwaii,pacific_cod,180436.39657459743,6389441.196061395,0.028239777319779193
PCODHS,2012,0.824332745,B_Bmsy only,0.824332745,NA,0.659466196,NA,Central Coast,pacific_cod,18124.261457128807,6656683.4033447895,0.0027227164578717826
PCODHS,2012,0.824332745,B_Bmsy only,0.824332745,NA,0.659466196,NA,Aristazabal Island,pacific_cod,340.8227773681073,28531.95,0.011945302629792471
PCODHS,2013,0.94765811625,B_Bmsy only,0.94765811625,NA,0.758126493,NA,North Coast,pacific_cod,433372.4,1183364.02,0.36622070020347586
PCODHS,2013,0.94765811625,B_Bmsy only,0.94765811625,NA,0.758126493,NA,Haida Gwaii,pacific_cod,159262.77854232548,6443468.015006261,0.024716934758024205
PCODHS,2013,0.94765811625,B_Bmsy only,0.94765811625,NA,0.758126493,NA,Central Coast,pacific_cod,26638.867604302908,4688138.166383292,0.0056821848373239635
PCODHS,2013,0.94765811625,B_Bmsy only,0.94765811625,NA,0.758126493,NA,Aristazabal Island,pacific_cod,317.6034468144357,32967.89,0.009633720775410125
PCODHS,2014,1,B_Bmsy only,1,NA,0.872364732,NA,North Coast,pacific_cod,279056.36,835639.5377615126,0.33394346173175127
PCODHS,2014,1,B_Bmsy only,1,NA,0.872364732,NA,Haida Gwaii,pacific_cod,275856.1965653459,10173143.454467628,0.02711612175725303
PCODHS,2014,1,B_Bmsy only,1,NA,0.872364732,NA,Central Coast,pacific_cod,31834.501977452554,2313565.739100734,0.013759929722086218
PCODHS,2014,1,B_Bmsy only,1,NA,0.872364732,NA,Aristazabal Island,pacific_cod,842.2824327804836,43925.350000000006,0.019175315228688754
PCODHS,2015,1,B_Bmsy only,1,NA,0.872364732,NA,North Coast,pacific_cod,158769.87,728413.965742319,0.2179665375281476
PCODHS,2015,1,B_Bmsy only,1,NA,0.872364732,NA,Haida Gwaii,pacific_cod,330282.67167009064,11900006.517350571,0.027754831158161842
PCODHS,2015,1,B_Bmsy only,1,NA,0.872364732,NA,Central Coast,pacific_cod,43120.29823676429,7489814.761486887,0.005757191547445427
PCODHS,2015,1,B_Bmsy only,1,NA,0.872364732,NA,Aristazabal Island,pacific_cod,786.4197414945432,28485.460000000003,0.027607759941196075
PCODHS,2016,1,B_Bmsy only,1,NA,0.872364732,NA,NA,NA,NA,NA,NA
PERCHQCI,2007,0.6457520162863635,"F_Fmsy, B_Bmsy",0.928532311,0.6954545454545453,1.642935378,0.3919999999999999,North Coast,pacific_ocean_perch,685.2,2272795.24,3.0147898409009337e-4
PERCHQCI,2007,0.6457520162863635,"F_Fmsy, B_Bmsy",0.928532311,0.6954545454545453,1.642935378,0.3919999999999999,Haida Gwaii,pacific_ocean_perch,1748950.66,8397989.8538013,0.20825824875322368
PERCHQCI,2007,0.6457520162863635,"F_Fmsy, B_Bmsy",0.928532311,0.6954545454545453,1.642935378,0.3919999999999999,Central Coast,pacific_ocean_perch,1385902.39,30044714.924770676,0.046127992675922457
PERCHQCI,2007,0.6457520162863635,"F_Fmsy, B_Bmsy",0.928532311,0.6954545454545453,1.642935378,0.3919999999999999,North Vancouver Island,pacific_ocean_perch,160672.55381643522,9928354.334587734,0.01618320100207292
PERCHQCI,2007,0.6457520162863635,"F_Fmsy, B_Bmsy",0.928532311,0.6954545454545453,1.642935378,0.3919999999999999,Aristazabal Island,pacific_ocean_perch,2372.73,27757.55,0.08548052691970293
PERCHQCI,2008,0.6255425109610794,"F_Fmsy, B_Bmsy",0.921686747,0.6786931818181816,1.656626506,0.37724999999999986,North Coast,pacific_ocean_perch,1671.74,3751913.03,4.455700296443172e-4
PERCHQCI,2008,0.6255425109610794,"F_Fmsy, B_Bmsy",0.921686747,0.6786931818181816,1.656626506,0.37724999999999986,Haida Gwaii,pacific_ocean_perch,1930385.64,7450265.52737244,0.2591029316885043
PERCHQCI,2008,0.6255425109610794,"F_Fmsy, B_Bmsy",0.921686747,0.6786931818181816,1.656626506,0.37724999999999986,Central Coast,pacific_ocean_perch,1367473.02,22705959.03,0.06022529232054199
PERCHQCI,2008,0.6255425109610794,"F_Fmsy, B_Bmsy",0.921686747,0.6786931818181816,1.656626506,0.37724999999999986,North Vancouver Island,pacific_ocean_perch,203549.85989165623,2432808.94,0.08366865829244126
PERCHQCI,2008,0.6255425109610794,"F_Fmsy, B_Bmsy",0.921686747,0.6786931818181816,1.656626506,0.37724999999999986,Aristazabal Island,pacific_ocean_perch,1197.67,27200.52,0.04403114352225619
PERCHQCI,2009,0.6200438116181817,"F_Fmsy, B_Bmsy",0.921686747,0.6727272727272726,1.656626506,0.3719999999999999,North Coast,pacific_ocean_perch,457.98,842187.1699999999,5.437983577926033e-4
PERCHQCI,2009,0.6200438116181817,"F_Fmsy, B_Bmsy",0.921686747,0.6727272727272726,1.656626506,0.3719999999999999,Haida Gwaii,pacific_ocean_perch,2126423.89,7728132.262852078,0.2751536616708007
PERCHQCI,2009,0.6200438116181817,"F_Fmsy, B_Bmsy",0.921686747,0.6727272727272726,1.656626506,0.3719999999999999,Central Coast,pacific_ocean_perch,1324925.01,12261406.66,0.10805652619958044
PERCHQCI,2009,0.6200438116181817,"F_Fmsy, B_Bmsy",0.921686747,0.6727272727272726,1.656626506,0.3719999999999999,North Vancouver Island,pacific_ocean_perch,338985.086172739,5620329.139967901,0.06031409864630722
PERCHQCI,2010,0.6381021762241476,"F_Fmsy, B_Bmsy",0.928532311,0.6872159090909089,1.642935378,0.38474999999999987,North Coast,pacific_ocean_perch,302.32,1510411.17,2.0015741806252664e-4
PERCHQCI,2010,0.6381021762241476,"F_Fmsy, B_Bmsy",0.928532311,0.6872159090909089,1.642935378,0.38474999999999987,Haida Gwaii,pacific_ocean_perch,2646114.27,9271802.082339548,0.2853937396959953
PERCHQCI,2010,0.6381021762241476,"F_Fmsy, B_Bmsy",0.928532311,0.6872159090909089,1.642935378,0.38474999999999987,Central Coast,pacific_ocean_perch,2052144.15,8697299.17568458,0.23595188673482326
PERCHQCI,2010,0.6381021762241476,"F_Fmsy, B_Bmsy",0.928532311,0.6872159090909089,1.642935378,0.38474999999999987,North Vancouver Island,pacific_ocean_perch,239143.5798999481,2809721.113500238,0.08511292410869654
PERCHQCI,2010,0.6381021762241476,"F_Fmsy, B_Bmsy",0.928532311,0.6872159090909089,1.642935378,0.38474999999999987,Aristazabal Island,pacific_ocean_perch,162.56,50359.26,0.0032280061303521933
PERCHQCI,2011,0.678293805234659,"F_Fmsy, B_Bmsy",0.942223439,0.7198863636363635,1.615553122,0.41349999999999987,North Coast,pacific_ocean_perch,107.78,1116084.9,9.656971436491973e-5
PERCHQCI,2011,0.678293805234659,"F_Fmsy, B_Bmsy",0.942223439,0.7198863636363635,1.615553122,0.41349999999999987,Haida Gwaii,pacific_ocean_perch,2191133.89,6944092.757467857,0.3155392599909611
PERCHQCI,2011,0.678293805234659,"F_Fmsy, B_Bmsy",0.942223439,0.7198863636363635,1.615553122,0.41349999999999987,Central Coast,pacific_ocean_perch,1434495.86,9898788.07529295,0.14491631188473006
PERCHQCI,2011,0.678293805234659,"F_Fmsy, B_Bmsy",0.942223439,0.7198863636363635,1.615553122,0.41349999999999987,North Vancouver Island,pacific_ocean_perch,218769.81048496824,12968920.78462711,0.016868775291178435
PERCHQCI,2011,0.678293805234659,"F_Fmsy, B_Bmsy",0.942223439,0.7198863636363635,1.615553122,0.41349999999999987,Aristazabal Island,pacific_ocean_perch,198.31,30500.67,0.006501824386152829
PERCHQCI,2012,0.7209760530210226,"F_Fmsy, B_Bmsy",0.9627601315,0.7488636363636363,1.574479737,0.4389999999999999,North Coast,pacific_ocean_perch,695.2,1012947.5,6.86313950130683e-4
PERCHQCI,2012,0.7209760530210226,"F_Fmsy, B_Bmsy",0.9627601315,0.7488636363636363,1.574479737,0.4389999999999999,Haida Gwaii,pacific_ocean_perch,1879629.61,6389441.196061395,0.2941774644015268
PERCHQCI,2012,0.7209760530210226,"F_Fmsy, B_Bmsy",0.9627601315,0.7488636363636363,1.574479737,0.4389999999999999,Central Coast,pacific_ocean_perch,1362836.48,6656683.4033447895,0.2047320561039773
PERCHQCI,2012,0.7209760530210226,"F_Fmsy, B_Bmsy",0.9627601315,0.7488636363636363,1.574479737,0.4389999999999999,North Vancouver Island,pacific_ocean_perch,212994.0250499052,15909815.066224184,0.013387586478115755
PERCHQCI,2013,0.9764512595,B_Bmsy only,0.9764512595,0.7488636363636363,1.547097481,0.4389999999999999,North Coast,pacific_ocean_perch,854.46,1183364.02,7.220601484909098e-4
PERCHQCI,2013,0.9764512595,B_Bmsy only,0.9764512595,0.7488636363636363,1.547097481,0.4389999999999999,Haida Gwaii,pacific_ocean_perch,2112040.48,6443468.015006261,0.32778008288102717
PERCHQCI,2013,0.9764512595,B_Bmsy only,0.9764512595,0.7488636363636363,1.547097481,0.4389999999999999,Central Coast,pacific_ocean_perch,988009.91,4688138.166383292,0.21074675594772618
PERCHQCI,2013,0.9764512595,B_Bmsy only,0.9764512595,0.7488636363636363,1.547097481,0.4389999999999999,North Vancouver Island,pacific_ocean_perch,234485.8514669584,18249848.253834505,0.012848646641085917
PERCHQCI,2013,0.9764512595,B_Bmsy only,0.9764512595,0.7488636363636363,1.547097481,0.4389999999999999,Aristazabal Island,pacific_ocean_perch,5622.35,32967.89,0.170540183190371
PERCHQCI,2014,0.9764512595,B_Bmsy only,0.9764512595,0.7488636363636363,1.547097481,0.4389999999999999,North Coast,pacific_ocean_perch,139.51,835639.5377615126,1.6694997507384036e-4
PERCHQCI,2014,0.9764512595,B_Bmsy only,0.9764512595,0.7488636363636363,1.547097481,0.4389999999999999,Haida Gwaii,pacific_ocean_perch,1690926.49,10173143.454467628,0.16621474941036188
PERCHQCI,2014,0.9764512595,B_Bmsy only,0.9764512595,0.7488636363636363,1.547097481,0.4389999999999999,Central Coast,pacific_ocean_perch,977895.54,2313565.739100734,0.42267895114149684
PERCHQCI,2014,0.9764512595,B_Bmsy only,0.9764512595,0.7488636363636363,1.547097481,0.4389999999999999,North Vancouver Island,pacific_ocean_perch,126744.52220606769,4692213.0761389965,0.027011672349363948
PERCHQCI,2015,0.9764512595,B_Bmsy only,0.9764512595,0.7488636363636363,1.547097481,0.4389999999999999,North Coast,pacific_ocean_perch,302.99,728413.965742319,4.159585266754545e-4
PERCHQCI,2015,0.9764512595,B_Bmsy only,0.9764512595,0.7488636363636363,1.547097481,0.4389999999999999,Haida Gwaii,pacific_ocean_perch,2303672.95,11900006.517350571,0.19358585616244622
PERCHQCI,2015,0.9764512595,B_Bmsy only,0.9764512595,0.7488636363636363,1.547097481,0.4389999999999999,Central Coast,pacific_ocean_perch,1027674.39,7489814.761486887,0.13720958698262717
PERCHQCI,2015,0.9764512595,B_Bmsy only,0.9764512595,0.7488636363636363,1.547097481,0.4389999999999999,North Vancouver Island,pacific_ocean_perch,73891.43518098525,14080445.392822538,0.005247805244758179
PERCHQCI,2015,0.9764512595,B_Bmsy only,0.9764512595,0.7488636363636363,1.547097481,0.4389999999999999,Aristazabal Island,pacific_ocean_perch,7197.83,28485.460000000003,0.252684351946572
PERCHQCI,2016,0.9764512595,B_Bmsy only,0.9764512595,0.7488636363636363,1.547097481,0.4389999999999999,NA,NA,NA,NA,NA
PERCHWCVANI,2007,0.7139204545454546,"F_Fmsy, B_Bmsy",1,0.7139204545454546,1.287657084,0.40825000000000006,West Vancouver Island,pacific_ocean_perch,241139.21,30681373.5779273,0.007859465919527138
PERCHWCVANI,2007,0.7139204545454546,"F_Fmsy, B_Bmsy",1,0.7139204545454546,1.287657084,0.40825000000000006,North Vancouver Island,pacific_ocean_perch,84415.32618356479,9928354.334587734,0.008502448979835897
PERCHWCVANI,2008,0.7443181818181819,"F_Fmsy, B_Bmsy",1,0.7443181818181819,1.330693751,0.43500000000000005,West Vancouver Island,pacific_ocean_perch,586375.87,44525792.283606194,0.013169352861035913
PERCHWCVANI,2008,0.7443181818181819,"F_Fmsy, B_Bmsy",1,0.7443181818181819,1.330693751,0.43500000000000005,North Vancouver Island,pacific_ocean_perch,106942.52010834379,2432808.94,0.04395845409395108
PERCHWCVANI,2009,0.7224431818181818,"F_Fmsy, B_Bmsy",1,0.7224431818181818,1.346186951,0.41575000000000006,West Vancouver Island,pacific_ocean_perch,397681.08,37598428.74554375,0.010577066469755977
PERCHWCVANI,2009,0.7224431818181818,"F_Fmsy, B_Bmsy",1,0.7224431818181818,1.346186951,0.41575000000000006,North Vancouver Island,pacific_ocean_perch,178098.47382726104,5620329.139967901,0.031688264048585275
PERCHWCVANI,2010,0.6849431818181818,"F_Fmsy, B_Bmsy",1,0.6849431818181818,1.397830952,0.38275000000000003,West Vancouver Island,pacific_ocean_perch,312276.58,50293848.72181379,0.006209041223455967
PERCHWCVANI,2010,0.6849431818181818,"F_Fmsy, B_Bmsy",1,0.6849431818181818,1.397830952,0.38275000000000003,North Vancouver Island,pacific_ocean_perch,125643.01010005192,2809721.113500238,0.044717253074107025
PERCHWCVANI,2011,0.6886363636363637,"F_Fmsy, B_Bmsy",1,0.6886363636363637,1.442589086,0.38600000000000007,West Vancouver Island,pacific_ocean_perch,440606.69,38430000.49333815,0.01146517523663262
PERCHWCVANI,2011,0.6886363636363637,"F_Fmsy, B_Bmsy",1,0.6886363636363637,1.442589086,0.38600000000000007,North Vancouver Island,pacific_ocean_perch,114938.88951503178,12968920.78462711,0.008862641034192775
PERCHWCVANI,2012,0.64375,"F_Fmsy, B_Bmsy",1,0.64375,1.475296953,0.34650000000000003,West Vancouver Island,pacific_ocean_perch,322941.24,31486315.389975484,0.010256558635083006
PERCHWCVANI,2012,0.64375,"F_Fmsy, B_Bmsy",1,0.64375,1.475296953,0.34650000000000003,North Vancouver Island,pacific_ocean_perch,111904.36495009482,15909815.066224184,0.00703366849232979
PERCHWCVANI,2013,0.9977190565,B_Bmsy only,0.9977190565,0.64375,1.504561887,0.34650000000000003,West Vancouver Island,pacific_ocean_perch,640929.97,35427766.426492356,0.018091176346943568
PERCHWCVANI,2013,0.9977190565,B_Bmsy only,0.9977190565,0.64375,1.504561887,0.34650000000000003,North Vancouver Island,pacific_ocean_perch,123195.89853304159,18249848.253834505,0.006750516323178561
PERCHWCVANI,2014,0.9977190565,B_Bmsy only,0.9977190565,0.64375,1.504561887,0.34650000000000003,West Vancouver Island,pacific_ocean_perch,524803.31,32062018.96479735,0.01636838000052992
PERCHWCVANI,2014,0.9977190565,B_Bmsy only,0.9977190565,0.64375,1.504561887,0.34650000000000003,North Vancouver Island,pacific_ocean_perch,66589.9677939323,4692213.0761389965,0.01419159077249878
PERCHWCVANI,2015,0.9977190565,B_Bmsy only,0.9977190565,0.64375,1.504561887,0.34650000000000003,West Vancouver Island,pacific_ocean_perch,349605.53,25031930.69394478,0.013966382948022845
PERCHWCVANI,2015,0.9977190565,B_Bmsy only,0.9977190565,0.64375,1.504561887,0.34650000000000003,North Vancouver Island,pacific_ocean_perch,38821.62481901475,14080445.392822538,0.002757130455461583
PERCHWCVANI,2016,0.9977190565,B_Bmsy only,0.9977190565,0.64375,1.504561887,0.34650000000000003,NA,NA,NA,NA,NA
PHAKEPCOAST,2007,0.9028956738636363,"F_Fmsy, B_Bmsy",1,0.9028956738636363,1.151877133,0.574548193,West Vancouver Island,hake,25897722.68,30681373.5779273,0.8440861558633497
PHAKEPCOAST,2007,0.9028956738636363,"F_Fmsy, B_Bmsy",1,0.9028956738636363,1.151877133,0.574548193,Strait of Georgia,hake,6510.18,7543.88,0.8629750208115717
PHAKEPCOAST,2007,0.9028956738636363,"F_Fmsy, B_Bmsy",1,0.9028956738636363,1.151877133,0.574548193,North Coast,hake,1592789.06,2272795.24,0.7008062283692569
PHAKEPCOAST,2007,0.9028956738636363,"F_Fmsy, B_Bmsy",1,0.9028956738636363,1.151877133,0.574548193,Haida Gwaii,hake,841247.99,8397989.8538013,0.10017254183978491
PHAKEPCOAST,2007,0.9028956738636363,"F_Fmsy, B_Bmsy",1,0.9028956738636363,1.151877133,0.574548193,Central Coast,hake,27288376.46,30044714.924770676,0.9082587912159492
PHAKEPCOAST,2007,0.9028956738636363,"F_Fmsy, B_Bmsy",1,0.9028956738636363,1.151877133,0.574548193,North Vancouver Island,hake,8738039.19,9928354.334587734,0.8801095222356242
PHAKEPCOAST,2007,0.9028956738636363,"F_Fmsy, B_Bmsy",1,0.9028956738636363,1.151877133,0.574548193,Aristazabal Island,hake,0,27757.55,0
PHAKEPCOAST,2007,0.9028956738636363,"F_Fmsy, B_Bmsy",1,0.9028956738636363,1.151877133,0.574548193,Pacific Offshore,hake,227189.01,1981902.384389407,0.11463178599989089
PHAKEPCOAST,2008,1,"F_Fmsy, B_Bmsy",1,1,1.008532423,0.67921686775,West Vancouver Island,hake,41573511.4,44525792.283606194,0.933695039836648
PHAKEPCOAST,2008,1,"F_Fmsy, B_Bmsy",1,1,1.008532423,0.67921686775,Strait of Georgia,hake,4021.84,4651.72,0.8645920218757792
PHAKEPCOAST,2008,1,"F_Fmsy, B_Bmsy",1,1,1.008532423,0.67921686775,North Coast,hake,2978108.42,3751913.03,0.7937573169173381
PHAKEPCOAST,2008,1,"F_Fmsy, B_Bmsy",1,1,1.008532423,0.67921686775,Haida Gwaii,hake,1134768.17,7450265.52737244,0.1523124465605738
PHAKEPCOAST,2008,1,"F_Fmsy, B_Bmsy",1,1,1.008532423,0.67921686775,Central Coast,hake,20299034,22705959.03,0.893995887739431
PHAKEPCOAST,2008,1,"F_Fmsy, B_Bmsy",1,1,1.008532423,0.67921686775,North Vancouver Island,hake,1339665.45,2432808.94,0.5506661160164924
PHAKEPCOAST,2008,1,"F_Fmsy, B_Bmsy",1,1,1.008532423,0.67921686775,Pacific Offshore,hake,353850.48,1109404.8105741723,0.3189552421508473
PHAKEPCOAST,2009,1,"F_Fmsy, B_Bmsy",1,1,0.825938567,0.668674699,West Vancouver Island,hake,35039408.94,37598428.74554375,0.9319381184021672
PHAKEPCOAST,2009,1,"F_Fmsy, B_Bmsy",1,1,0.825938567,0.668674699,Strait of Georgia,hake,38845.2,39409.399999999994,0.9856836186290581
PHAKEPCOAST,2009,1,"F_Fmsy, B_Bmsy",1,1,0.825938567,0.668674699,North Coast,hake,23291.15,842187.1699999999,0.027655550725143443
PHAKEPCOAST,2009,1,"F_Fmsy, B_Bmsy",1,1,0.825938567,0.668674699,Haida Gwaii,hake,655985.68,7728132.262852078,0.0848828226133267
PHAKEPCOAST,2009,1,"F_Fmsy, B_Bmsy",1,1,0.825938567,0.668674699,Central Coast,hake,9707442.85,12261406.66,0.7917071115232059
PHAKEPCOAST,2009,1,"F_Fmsy, B_Bmsy",1,1,0.825938567,0.668674699,North Vancouver Island,hake,4513852.02,5620329.139967901,0.8031294800691654
PHAKEPCOAST,2009,1,"F_Fmsy, B_Bmsy",1,1,0.825938567,0.668674699,Aristazabal Island,hake,0,25609.350000000002,0
PHAKEPCOAST,2009,1,"F_Fmsy, B_Bmsy",1,1,0.825938567,0.668674699,Pacific Offshore,hake,84560.26,1363114.621520221,0.062034592443659435
PHAKEPCOAST,2010,1,"F_Fmsy, B_Bmsy",1,1,0.976109215,0.71310240975,West Vancouver Island,hake,46357362.18,50293848.72181379,0.9217302584340412
PHAKEPCOAST,2010,1,"F_Fmsy, B_Bmsy",1,1,0.976109215,0.71310240975,Strait of Georgia,hake,4608.9,5777.28,0.79776296111665
PHAKEPCOAST,2010,1,"F_Fmsy, B_Bmsy",1,1,0.976109215,0.71310240975,North Coast,hake,21032.63,1510411.17,0.013925102262054909
PHAKEPCOAST,2010,1,"F_Fmsy, B_Bmsy",1,1,0.976109215,0.71310240975,Haida Gwaii,hake,1035598.32,9271802.082339548,0.11169331601378274
PHAKEPCOAST,2010,1,"F_Fmsy, B_Bmsy",1,1,0.976109215,0.71310240975,Central Coast,hake,4258388.1,8697299.17568458,0.48962189456531074
PHAKEPCOAST,2010,1,"F_Fmsy, B_Bmsy",1,1,0.976109215,0.71310240975,North Vancouver Island,hake,1583450.72,2809721.113500238,0.5635615265841813
PHAKEPCOAST,2010,1,"F_Fmsy, B_Bmsy",1,1,0.976109215,0.71310240975,Aristazabal Island,hake,0,50359.26,0
PHAKEPCOAST,2010,1,"F_Fmsy, B_Bmsy",1,1,0.976109215,0.71310240975,Pacific Offshore,hake,354775.46,8853016.400050795,0.04007396394272629
PHAKEPCOAST,2011,1,"F_Fmsy, B_Bmsy",1,1,1.110921502,0.6777108435,West Vancouver Island,hake,35083685.06,38430000.49333815,0.9129243978563509
PHAKEPCOAST,2011,1,"F_Fmsy, B_Bmsy",1,1,1.110921502,0.6777108435,Strait of Georgia,hake,5808.61,5808.61,1
PHAKEPCOAST,2011,1,"F_Fmsy, B_Bmsy",1,1,1.110921502,0.6777108435,North Coast,hake,88.59,1116084.9,7.937568190376916e-5
PHAKEPCOAST,2011,1,"F_Fmsy, B_Bmsy",1,1,1.110921502,0.6777108435,Haida Gwaii,hake,198739.06,6944092.757467857,0.02861987403412359
PHAKEPCOAST,2011,1,"F_Fmsy, B_Bmsy",1,1,1.110921502,0.6777108435,Central Coast,hake,6356964.96,9898788.07529295,0.6421962882372212
PHAKEPCOAST,2011,1,"F_Fmsy, B_Bmsy",1,1,1.110921502,0.6777108435,North Vancouver Island,hake,11843927.8,12968920.78462711,0.913254695335896
PHAKEPCOAST,2011,1,"F_Fmsy, B_Bmsy",1,1,1.110921502,0.6777108435,Aristazabal Island,hake,0,30500.67,0
PHAKEPCOAST,2011,1,"F_Fmsy, B_Bmsy",1,1,1.110921502,0.6777108435,Pacific Offshore,hake,302730.74,1307708.5958635071,0.23149709419788633
PHAKEPCOAST,2012,0.7815361759048498,"F_Fmsy, B_Bmsy",0.8370307165,0.933700711931818,1.825938567,0.6016566265,West Vancouver Island,hake,26021936.59,31486315.389975484,0.8264522624417585
PHAKEPCOAST,2012,0.7815361759048498,"F_Fmsy, B_Bmsy",0.8370307165,0.933700711931818,1.825938567,0.6016566265,Strait of Georgia,hake,459570.77,459578.76,0.999982614514213
PHAKEPCOAST,2012,0.7815361759048498,"F_Fmsy, B_Bmsy",0.8370307165,0.933700711931818,1.825938567,0.6016566265,North Coast,hake,24218.71,1012947.5,0.023909146327919264
PHAKEPCOAST,2012,0.7815361759048498,"F_Fmsy, B_Bmsy",0.8370307165,0.933700711931818,1.825938567,0.6016566265,Haida Gwaii,hake,51344.26,6389441.196061395,0.008035798190247034
PHAKEPCOAST,2012,0.7815361759048498,"F_Fmsy, B_Bmsy",0.8370307165,0.933700711931818,1.825938567,0.6016566265,Central Coast,hake,3951321.3,6656683.4033447895,0.5935870854267421
PHAKEPCOAST,2012,0.7815361759048498,"F_Fmsy, B_Bmsy",0.8370307165,0.933700711931818,1.825938567,0.6016566265,North Vancouver Island,hake,14840303.39,15909815.066224184,0.932776611684525
PHAKEPCOAST,2012,0.7815361759048498,"F_Fmsy, B_Bmsy",0.8370307165,0.933700711931818,1.825938567,0.6016566265,Aristazabal Island,hake,0,28531.95,0
PHAKEPCOAST,2012,0.7815361759048498,"F_Fmsy, B_Bmsy",0.8370307165,0.933700711931818,1.825938567,0.6016566265,Pacific Offshore,hake,207758.54,5900517.581515194,0.03521022302363002
PHAKEPCOAST,2013,0.4341563624583721,"F_Fmsy, B_Bmsy",0.5042662115000001,0.86096659375,2.491467577,0.5376506025,West Vancouver Island,hake,28861528.76,35427766.426492356,0.8146584352102362
PHAKEPCOAST,2013,0.4341563624583721,"F_Fmsy, B_Bmsy",0.5042662115000001,0.86096659375,2.491467577,0.5376506025,Strait of Georgia,hake,2220359.48,2220359.48,1
PHAKEPCOAST,2013,0.4341563624583721,"F_Fmsy, B_Bmsy",0.5042662115000001,0.86096659375,2.491467577,0.5376506025,North Coast,hake,4132.68,1183364.02,0.0034923150697111784
PHAKEPCOAST,2013,0.4341563624583721,"F_Fmsy, B_Bmsy",0.5042662115000001,0.86096659375,2.491467577,0.5376506025,Haida Gwaii,hake,79323.09,6443468.015006261,0.01231062058743267
PHAKEPCOAST,2013,0.4341563624583721,"F_Fmsy, B_Bmsy",0.5042662115000001,0.86096659375,2.491467577,0.5376506025,Central Coast,hake,2537516.09,4688138.166383292,0.541263077141259
PHAKEPCOAST,2013,0.4341563624583721,"F_Fmsy, B_Bmsy",0.5042662115000001,0.86096659375,2.491467577,0.5376506025,North Vancouver Island,hake,17164985.76,18249848.253834505,0.9405549855130132
PHAKEPCOAST,2013,0.4341563624583721,"F_Fmsy, B_Bmsy",0.5042662115000001,0.86096659375,2.491467577,0.5376506025,Pacific Offshore,hake,271279.08,9924771.960718708,0.0273335328079775
PHAKEPCOAST,2014,0.2760521609579689,"F_Fmsy, B_Bmsy",0.39334471000000004,0.7018072289772727,2.71331058,0.3975903615,West Vancouver Island,hake,29243890.92,32062018.96479735,0.9121038494833551
PHAKEPCOAST,2014,0.2760521609579689,"F_Fmsy, B_Bmsy",0.39334471000000004,0.7018072289772727,2.71331058,0.3975903615,Strait of Georgia,hake,2958121.59,2958121.59,1
PHAKEPCOAST,2014,0.2760521609579689,"F_Fmsy, B_Bmsy",0.39334471000000004,0.7018072289772727,2.71331058,0.3975903615,North Coast,hake,2531.4,835639.5377615126,0.003029296587355168
PHAKEPCOAST,2014,0.2760521609579689,"F_Fmsy, B_Bmsy",0.39334471000000004,0.7018072289772727,2.71331058,0.3975903615,Haida Gwaii,hake,100.03,10173143.454467628,9.832752329475009e-6
PHAKEPCOAST,2014,0.2760521609579689,"F_Fmsy, B_Bmsy",0.39334471000000004,0.7018072289772727,2.71331058,0.3975903615,Central Coast,hake,8717.02,2313565.739100734,0.003767785739854638
PHAKEPCOAST,2014,0.2760521609579689,"F_Fmsy, B_Bmsy",0.39334471000000004,0.7018072289772727,2.71331058,0.3975903615,North Vancouver Island,hake,3964725.51,4692213.0761389965,0.844958539960932
PHAKEPCOAST,2014,0.2760521609579689,"F_Fmsy, B_Bmsy",0.39334471000000004,0.7018072289772727,2.71331058,0.3975903615,Aristazabal Island,hake,0,43925.350000000006,0
PHAKEPCOAST,2014,0.2760521609579689,"F_Fmsy, B_Bmsy",0.39334471000000004,0.7018072289772727,2.71331058,0.3975903615,Pacific Offshore,hake,523273.6,7443349.461424717,0.07030082393845327
PHAKEPCOAST,2015,0.25450644886192464,"F_Fmsy, B_Bmsy",0.43600682600000007,0.5837212485795454,2.627986348,0.29367469875,West Vancouver Island,hake,20488238.73,25031930.69394478,0.8184841585134344
PHAKEPCOAST,2015,0.25450644886192464,"F_Fmsy, B_Bmsy",0.43600682600000007,0.5837212485795454,2.627986348,0.29367469875,Strait of Georgia,hake,5132995.22,5132995.22,1
PHAKEPCOAST,2015,0.25450644886192464,"F_Fmsy, B_Bmsy",0.43600682600000007,0.5837212485795454,2.627986348,0.29367469875,North Coast,hake,890.43,728413.965742319,0.0012224230202568563
PHAKEPCOAST,2015,0.25450644886192464,"F_Fmsy, B_Bmsy",0.43600682600000007,0.5837212485795454,2.627986348,0.29367469875,Central Coast,hake,3313128.73,7489814.761486887,0.4423512243635614
PHAKEPCOAST,2015,0.25450644886192464,"F_Fmsy, B_Bmsy",0.43600682600000007,0.5837212485795454,2.627986348,0.29367469875,North Vancouver Island,hake,12446244.24,14080445.392822538,0.8839382485971952
PHAKEPCOAST,2015,0.25450644886192464,"F_Fmsy, B_Bmsy",0.43600682600000007,0.5837212485795454,2.627986348,0.29367469875,Aristazabal Island,hake,0,28485.460000000003,0
PHAKEPCOAST,2015,0.25450644886192464,"F_Fmsy, B_Bmsy",0.43600682600000007,0.5837212485795454,2.627986348,0.29367469875,Pacific Offshore,hake,76608.54,3525191.056640329,0.021731741278446196
PHAKEPCOAST,2016,0.13737201350000006,B_Bmsy only,0.13737201350000006,0.5837212485795454,3.225255973,0.29367469875,NA,NA,NA,NA,NA
PHALNPAC,2007,0.6892256017312499,"F_Fmsy, B_Bmsy",0.9039024285,0.7624999999999998,1.692195143,1.3900000000000001,West Vancouver Island,halibut,268583.77,30681373.5779273,0.00875396824453856
PHALNPAC,2007,0.6892256017312499,"F_Fmsy, B_Bmsy",0.9039024285,0.7624999999999998,1.692195143,1.3900000000000001,Strait of Georgia,halibut,564.2,7543.88,0.074789100568938
PHALNPAC,2007,0.6892256017312499,"F_Fmsy, B_Bmsy",0.9039024285,0.7624999999999998,1.692195143,1.3900000000000001,North Coast,halibut,391459.93,2272795.24,0.1722372183426431
PHALNPAC,2007,0.6892256017312499,"F_Fmsy, B_Bmsy",0.9039024285,0.7624999999999998,1.692195143,1.3900000000000001,Haida Gwaii,halibut,2373431.02,8397989.8538013,0.2826189434993995
PHALNPAC,2007,0.6892256017312499,"F_Fmsy, B_Bmsy",0.9039024285,0.7624999999999998,1.692195143,1.3900000000000001,Central Coast,halibut,750404.56,30044714.924770676,0.0249762582829941
PHALNPAC,2007,0.6892256017312499,"F_Fmsy, B_Bmsy",0.9039024285,0.7624999999999998,1.692195143,1.3900000000000001,North Vancouver Island,halibut,175089.05,9928354.334587734,0.01763525395039906
PHALNPAC,2007,0.6892256017312499,"F_Fmsy, B_Bmsy",0.9039024285,0.7624999999999998,1.692195143,1.3900000000000001,Aristazabal Island,halibut,24964.63,27757.55,0.899381609688175
PHALNPAC,2007,0.6892256017312499,"F_Fmsy, B_Bmsy",0.9039024285,0.7624999999999998,1.692195143,1.3900000000000001,Pacific Offshore,halibut,5871.03,1981902.384389407,0.0029623204685778567
PHALNPAC,2008,0.5702111082281248,"F_Fmsy, B_Bmsy",0.965436797,0.5906249999999998,1.569126406,1.5275,West Vancouver Island,halibut,268583.77,44525792.283606194,0.006032094123991343
PHALNPAC,2008,0.5702111082281248,"F_Fmsy, B_Bmsy",0.965436797,0.5906249999999998,1.569126406,1.5275,Strait of Georgia,halibut,564.2,4651.72,0.12128846964133697
PHALNPAC,2008,0.5702111082281248,"F_Fmsy, B_Bmsy",0.965436797,0.5906249999999998,1.569126406,1.5275,North Coast,halibut,391459.93,3751913.03,0.10433608851535667
PHALNPAC,2008,0.5702111082281248,"F_Fmsy, B_Bmsy",0.965436797,0.5906249999999998,1.569126406,1.5275,Haida Gwaii,halibut,2373431.02,7450265.52737244,0.3185699907311977
PHALNPAC,2008,0.5702111082281248,"F_Fmsy, B_Bmsy",0.965436797,0.5906249999999998,1.569126406,1.5275,Central Coast,halibut,750404.56,22705959.03,0.033048793887478445
PHALNPAC,2008,0.5702111082281248,"F_Fmsy, B_Bmsy",0.965436797,0.5906249999999998,1.569126406,1.5275,North Vancouver Island,halibut,175089.05,2432808.94,0.07196991392180596
PHALNPAC,2008,0.5702111082281248,"F_Fmsy, B_Bmsy",0.965436797,0.5906249999999998,1.569126406,1.5275,Aristazabal Island,halibut,24964.63,27200.52,0.917799733240394
PHALNPAC,2008,0.5702111082281248,"F_Fmsy, B_Bmsy",0.965436797,0.5906249999999998,1.569126406,1.5275,Pacific Offshore,halibut,5871.03,1109404.8105741723,0.005292053850894561
PHALNPAC,2009,0.44531249999999994,"F_Fmsy, B_Bmsy",1,0.44531249999999994,1.427597357,1.64375,West Vancouver Island,halibut,268583.77,37598428.74554375,0.00714348388911952
PHALNPAC,2009,0.44531249999999994,"F_Fmsy, B_Bmsy",1,0.44531249999999994,1.427597357,1.64375,Strait of Georgia,halibut,564.2,39409.399999999994,0.01431638137094196
PHALNPAC,2009,0.44531249999999994,"F_Fmsy, B_Bmsy",1,0.44531249999999994,1.427597357,1.64375,North Coast,halibut,391459.93,842187.1699999999,0.4648134570846051
PHALNPAC,2009,0.44531249999999994,"F_Fmsy, B_Bmsy",1,0.44531249999999994,1.427597357,1.64375,Haida Gwaii,halibut,2373431.02,7728132.262852078,0.30711573498925626
PHALNPAC,2009,0.44531249999999994,"F_Fmsy, B_Bmsy",1,0.44531249999999994,1.427597357,1.64375,Central Coast,halibut,750404.56,12261406.66,0.06120052786830904
PHALNPAC,2009,0.44531249999999994,"F_Fmsy, B_Bmsy",1,0.44531249999999994,1.427597357,1.64375,North Vancouver Island,halibut,175089.05,5620329.139967901,0.031152810741080544
PHALNPAC,2009,0.44531249999999994,"F_Fmsy, B_Bmsy",1,0.44531249999999994,1.427597357,1.64375,Aristazabal Island,halibut,24964.63,25609.350000000002,0.9748248198411907
PHALNPAC,2009,0.44531249999999994,"F_Fmsy, B_Bmsy",1,0.44531249999999994,1.427597357,1.64375,Pacific Offshore,halibut,5871.03,1363114.621520221,0.004307069931839116
PHALNPAC,2010,0.32343750000000004,"F_Fmsy, B_Bmsy",1,0.32343750000000004,1.379908221,1.74125,West Vancouver Island,halibut,268583.77,50293848.72181379,0.0053402906483772045
PHALNPAC,2010,0.32343750000000004,"F_Fmsy, B_Bmsy",1,0.32343750000000004,1.379908221,1.74125,Strait of Georgia,halibut,564.2,5777.28,0.09765841364794507
PHALNPAC,2010,0.32343750000000004,"F_Fmsy, B_Bmsy",1,0.32343750000000004,1.379908221,1.74125,North Coast,halibut,391459.93,1510411.17,0.2591744140769298
PHALNPAC,2010,0.32343750000000004,"F_Fmsy, B_Bmsy",1,0.32343750000000004,1.379908221,1.74125,Haida Gwaii,halibut,2373431.02,9271802.082339548,0.25598378814845385
PHALNPAC,2010,0.32343750000000004,"F_Fmsy, B_Bmsy",1,0.32343750000000004,1.379908221,1.74125,Central Coast,halibut,750404.56,8697299.17568458,0.08628018248445896
PHALNPAC,2010,0.32343750000000004,"F_Fmsy, B_Bmsy",1,0.32343750000000004,1.379908221,1.74125,North Vancouver Island,halibut,175089.05,2809721.113500238,0.06231545513849276
PHALNPAC,2010,0.32343750000000004,"F_Fmsy, B_Bmsy",1,0.32343750000000004,1.379908221,1.74125,Aristazabal Island,halibut,24964.63,50359.26,0.4957306759471843
PHALNPAC,2010,0.32343750000000004,"F_Fmsy, B_Bmsy",1,0.32343750000000004,1.379908221,1.74125,Pacific Offshore,halibut,5871.03,8853016.400050795,6.631671889782463e-4
PHALNPAC,2011,0.3203125000000001,"F_Fmsy, B_Bmsy",1,0.3203125000000001,1.36298627,1.74375,West Vancouver Island,halibut,185911.82,38430000.49333815,0.004837674150751777
PHALNPAC,2011,0.3203125000000001,"F_Fmsy, B_Bmsy",1,0.3203125000000001,1.36298627,1.74375,Strait of Georgia,halibut,0,5808.61,0
PHALNPAC,2011,0.3203125000000001,"F_Fmsy, B_Bmsy",1,0.3203125000000001,1.36298627,1.74375,North Coast,halibut,296805.08,1116084.9,0.26593414174853547
PHALNPAC,2011,0.3203125000000001,"F_Fmsy, B_Bmsy",1,0.3203125000000001,1.36298627,1.74375,Haida Gwaii,halibut,2166394.47,6944092.757467857,0.3119766030875961
PHALNPAC,2011,0.3203125000000001,"F_Fmsy, B_Bmsy",1,0.3203125000000001,1.36298627,1.74375,Central Coast,halibut,648801.66,9898788.07529295,0.06554354483246162
PHALNPAC,2011,0.3203125000000001,"F_Fmsy, B_Bmsy",1,0.3203125000000001,1.36298627,1.74375,North Vancouver Island,halibut,225569.2,12968920.78462711,0.017393058662782613
PHALNPAC,2011,0.3203125000000001,"F_Fmsy, B_Bmsy",1,0.3203125000000001,1.36298627,1.74375,Aristazabal Island,halibut,28125.16,30500.67,0.9221161371209223
PHALNPAC,2011,0.3203125000000001,"F_Fmsy, B_Bmsy",1,0.3203125000000001,1.36298627,1.74375,Pacific Offshore,halibut,6954.42,1307708.5958635071,0.0053180196429066465
PHALNPAC,2012,0.415625,"F_Fmsy, B_Bmsy",1,0.415625,1.375293144,1.6675,West Vancouver Island,halibut,185911.82,31486315.389975484,0.005904527655820599
PHALNPAC,2012,0.415625,"F_Fmsy, B_Bmsy",1,0.415625,1.375293144,1.6675,Strait of Georgia,halibut,0,459578.76,0
PHALNPAC,2012,0.415625,"F_Fmsy, B_Bmsy",1,0.415625,1.375293144,1.6675,North Coast,halibut,296805.08,1012947.5,0.29301131598626784
PHALNPAC,2012,0.415625,"F_Fmsy, B_Bmsy",1,0.415625,1.375293144,1.6675,Haida Gwaii,halibut,2166394.47,6389441.196061395,0.33905851912924995
PHALNPAC,2012,0.415625,"F_Fmsy, B_Bmsy",1,0.415625,1.375293144,1.6675,Central Coast,halibut,648801.66,6656683.4033447895,0.09746620361635287
PHALNPAC,2012,0.415625,"F_Fmsy, B_Bmsy",1,0.415625,1.375293144,1.6675,North Vancouver Island,halibut,225569.2,15909815.066224184,0.014177990068462404
PHALNPAC,2012,0.415625,"F_Fmsy, B_Bmsy",1,0.415625,1.375293144,1.6675,Aristazabal Island,halibut,28125.16,28531.95,0.9857426499065083
PHALNPAC,2012,0.415625,"F_Fmsy, B_Bmsy",1,0.415625,1.375293144,1.6675,Pacific Offshore,halibut,6954.42,5900517.581515194,0.001178611859709801
PHALNPAC,2013,0.5734374999999999,"F_Fmsy, B_Bmsy",1,0.5734374999999999,1.42298228,1.54125,West Vancouver Island,halibut,256989.35,35427766.426492356,0.007253896475049221
PHALNPAC,2013,0.5734374999999999,"F_Fmsy, B_Bmsy",1,0.5734374999999999,1.42298228,1.54125,Strait of Georgia,halibut,0,2220359.48,0
PHALNPAC,2013,0.5734374999999999,"F_Fmsy, B_Bmsy",1,0.5734374999999999,1.42298228,1.54125,North Coast,halibut,428153.67,1183364.02,0.36181062020121246
PHALNPAC,2013,0.5734374999999999,"F_Fmsy, B_Bmsy",1,0.5734374999999999,1.42298228,1.54125,Haida Gwaii,halibut,2184970.32,6443468.015006261,0.33909849709991563
PHALNPAC,2013,0.5734374999999999,"F_Fmsy, B_Bmsy",1,0.5734374999999999,1.42298228,1.54125,Central Coast,halibut,574513.71,4688138.166383292,0.12254624108982137
PHALNPAC,2013,0.5734374999999999,"F_Fmsy, B_Bmsy",1,0.5734374999999999,1.42298228,1.54125,North Vancouver Island,halibut,162416.67,18249848.253834505,0.008899617560703519
PHALNPAC,2013,0.5734374999999999,"F_Fmsy, B_Bmsy",1,0.5734374999999999,1.42298228,1.54125,Aristazabal Island,halibut,27019.31,32967.89,0.8195644307233494
PHALNPAC,2013,0.5734374999999999,"F_Fmsy, B_Bmsy",1,0.5734374999999999,1.42298228,1.54125,Pacific Offshore,halibut,8915.75,9924771.960718708,8.983329828924715e-4
PHALNPAC,2014,1,B_Bmsy only,1,0.5734374999999999,1.455287823,1.54125,West Vancouver Island,halibut,178270.58,32062018.96479735,0.005560179482013689
PHALNPAC,2014,1,B_Bmsy only,1,0.5734374999999999,1.455287823,1.54125,Strait of Georgia,halibut,0,2958121.59,0
PHALNPAC,2014,1,B_Bmsy only,1,0.5734374999999999,1.455287823,1.54125,North Coast,halibut,325511,835639.5377615126,0.38953518268411474
PHALNPAC,2014,1,B_Bmsy only,1,0.5734374999999999,1.455287823,1.54125,Haida Gwaii,halibut,2239611.23,10173143.454467628,0.22014938057483643
PHALNPAC,2014,1,B_Bmsy only,1,0.5734374999999999,1.455287823,1.54125,Central Coast,halibut,610364.96,2313565.739100734,0.2638200201898064
PHALNPAC,2014,1,B_Bmsy only,1,0.5734374999999999,1.455287823,1.54125,North Vancouver Island,halibut,121314.39,4692213.0761389965,0.025854407724344854
PHALNPAC,2014,1,B_Bmsy only,1,0.5734374999999999,1.455287823,1.54125,Aristazabal Island,halibut,43026.37,43925.350000000006,0.9795339137878241
PHALNPAC,2014,1,B_Bmsy only,1,0.5734374999999999,1.455287823,1.54125,Pacific Offshore,halibut,7880.29,7443349.461424717,0.0010587021395192762
PHALNPAC,2015,1,B_Bmsy only,1,0.5734374999999999,1.455287823,1.54125,West Vancouver Island,halibut,250033.36,25031930.69394478,0.009988576712561889
PHALNPAC,2015,1,B_Bmsy only,1,0.5734374999999999,1.455287823,1.54125,Strait of Georgia,halibut,0,5132995.22,0
PHALNPAC,2015,1,B_Bmsy only,1,0.5734374999999999,1.455287823,1.54125,North Coast,halibut,394196.54,728413.965742319,0.5411710353442749
PHALNPAC,2015,1,B_Bmsy only,1,0.5734374999999999,1.455287823,1.54125,Haida Gwaii,halibut,2290002.19,11900006.517350571,0.19243705343027392
PHALNPAC,2015,1,B_Bmsy only,1,0.5734374999999999,1.455287823,1.54125,Central Coast,halibut,499046.55,7489814.761486887,0.06663002569384355
PHALNPAC,2015,1,B_Bmsy only,1,0.5734374999999999,1.455287823,1.54125,North Vancouver Island,halibut,143060.29,14080445.392822538,0.010160210562154841
PHALNPAC,2015,1,B_Bmsy only,1,0.5734374999999999,1.455287823,1.54125,Aristazabal Island,halibut,20401.06,28485.460000000003,0.7161920502600274
PHALNPAC,2015,1,B_Bmsy only,1,0.5734374999999999,1.455287823,1.54125,Pacific Offshore,halibut,12083.53,3525191.056640329,0.0034277659865380936
PHALNPAC,2016,1,B_Bmsy only,1,0.5734374999999999,1.455287823,1.54125,NA,NA,NA,NA,NA
RSOLE5AB,2007,1,"F_Fmsy, B_Bmsy",1,1,0.834697218,0.9633891215,Haida Gwaii,srsole,72545.43969657843,8397989.8538013,0.008638429071659471
RSOLE5AB,2007,1,"F_Fmsy, B_Bmsy",1,1,0.834697218,0.9633891215,Central Coast,srsole,170568.92623978047,30044714.924770676,0.00567716906839922
RSOLE5AB,2007,1,"F_Fmsy, B_Bmsy",1,1,0.834697218,0.9633891215,North Vancouver Island,srsole,25441.31,9928354.334587734,0.002562490131055181
RSOLE5AB,2008,0.9958872196022727,"F_Fmsy, B_Bmsy",1,0.9958872196022727,0.872885979,0.65638075325,Haida Gwaii,srsole,53437.70397985517,7450265.52737244,0.007172590531642646
RSOLE5AB,2008,0.9958872196022727,"F_Fmsy, B_Bmsy",1,0.9958872196022727,0.872885979,0.65638075325,Central Coast,srsole,52624.68044677527,22705959.03,0.002317659446898741
RSOLE5AB,2008,0.9958872196022727,"F_Fmsy, B_Bmsy",1,0.9958872196022727,0.872885979,0.65638075325,North Vancouver Island,srsole,15450.95,2432808.94,0.006351074162034278
RSOLE5AB,2008,0.9958872196022727,"F_Fmsy, B_Bmsy",1,0.9958872196022727,0.872885979,0.65638075325,Aristazabal Island,srsole,0.12904263723616397,27200.52,4.7441239077842615e-6
RSOLE5AB,2009,0.8235308105113636,"F_Fmsy, B_Bmsy",1,0.8235308105113636,0.987452264,0.50470711325,Haida Gwaii,srsole,117570.49499881738,7728132.262852078,0.015213312997237423
RSOLE5AB,2009,0.8235308105113636,"F_Fmsy, B_Bmsy",1,0.8235308105113636,0.987452264,0.50470711325,Central Coast,srsole,149672.25436064915,12261406.66,0.0122067768006521
RSOLE5AB,2009,0.8235308105113636,"F_Fmsy, B_Bmsy",1,0.8235308105113636,0.987452264,0.50470711325,North Vancouver Island,srsole,25141.22,5620329.139967901,0.004473264709928286
RSOLE5AB,2009,0.8235308105113636,"F_Fmsy, B_Bmsy",1,0.8235308105113636,0.987452264,0.50470711325,Aristazabal Island,srsole,0.6103082105349722,25609.350000000002,2.3831460405475818e-5
RSOLE5AB,2010,0.8532474326704546,"F_Fmsy, B_Bmsy",1,0.8532474326704546,1.085651937,0.53085774075,Haida Gwaii,srsole,65870.07796957064,9271802.082339548,0.007104344698538873
RSOLE5AB,2010,0.8532474326704546,"F_Fmsy, B_Bmsy",1,0.8532474326704546,1.085651937,0.53085774075,Central Coast,srsole,391211.40726478444,8697299.17568458,0.04498079223933233
RSOLE5AB,2010,0.8532474326704546,"F_Fmsy, B_Bmsy",1,0.8532474326704546,1.085651937,0.53085774075,North Vancouver Island,srsole,56912.7,2809721.113500238,0.020255640222278302
RSOLE5AB,2010,0.8532474326704546,"F_Fmsy, B_Bmsy",1,0.8532474326704546,1.085651937,0.53085774075,Aristazabal Island,srsole,0.12824934233512197,50359.26,2.5466883813448006e-6
RSOLE5AB,2011,0.891284709090909,"F_Fmsy, B_Bmsy",1,0.891284709090909,1.123840698,0.5643305439999999,Haida Gwaii,srsole,41218.92084479344,6944092.757467857,0.005935825209198934
RSOLE5AB,2011,0.891284709090909,"F_Fmsy, B_Bmsy",1,0.891284709090909,1.123840698,0.5643305439999999,Central Coast,srsole,332566.6952385318,9898788.07529295,0.033596708274683376
RSOLE5AB,2011,0.891284709090909,"F_Fmsy, B_Bmsy",1,0.891284709090909,1.123840698,0.5643305439999999,North Vancouver Island,srsole,42015.23,12968920.78462711,0.0032396859150996852
RSOLE5AB,2011,0.891284709090909,"F_Fmsy, B_Bmsy",1,0.891284709090909,1.123840698,0.5643305439999999,Aristazabal Island,srsole,0.1977948619931366,30500.67,6.4849349864490384e-6
RSOLE5AB,2012,0.979840243465909,"F_Fmsy, B_Bmsy",1,0.979840243465909,1.232951446,0.64225941425,Haida Gwaii,srsole,55149.403824440706,6389441.196061395,0.008631334436325374
RSOLE5AB,2012,0.979840243465909,"F_Fmsy, B_Bmsy",1,0.979840243465909,1.232951446,0.64225941425,Central Coast,srsole,258296.28646822963,6656683.4033447895,0.0388025493804382
RSOLE5AB,2012,0.979840243465909,"F_Fmsy, B_Bmsy",1,0.979840243465909,1.232951446,0.64225941425,North Vancouver Island,srsole,45744.23,15909815.066224184,0.0028752207244138826
RSOLE5AB,2012,0.979840243465909,"F_Fmsy, B_Bmsy",1,0.979840243465909,1.232951446,0.64225941425,Aristazabal Island,srsole,0.7800733193579584,28531.95,2.7340343697432472e-5
RSOLE5AB,2013,0.9810289082386363,"F_Fmsy, B_Bmsy",1,0.9810289082386363,1.396617567,0.6433054392499999,Haida Gwaii,srsole,49307.38279413323,6443468.015006261,0.007652305044317864
RSOLE5AB,2013,0.9810289082386363,"F_Fmsy, B_Bmsy",1,0.9810289082386363,1.396617567,0.6433054392499999,Central Coast,srsole,164701.74577834012,4688138.166383292,0.035131589542165914
RSOLE5AB,2013,0.9810289082386363,"F_Fmsy, B_Bmsy",1,0.9810289082386363,1.396617567,0.6433054392499999,North Vancouver Island,srsole,16608.99,18249848.253834505,9.10089211098523e-4
RSOLE5AB,2014,0.9916803055,B_Bmsy only,0.9916803055,0.9810289082386363,1.516639389,0.6433054392499999,Haida Gwaii,srsole,36016.762195612864,10173143.454467628,0.0035403769107173826
RSOLE5AB,2014,0.9916803055,B_Bmsy only,0.9916803055,0.9810289082386363,1.516639389,0.6433054392499999,Central Coast,srsole,197810.57236916252,2313565.739100734,0.08550030328770776
RSOLE5AB,2014,0.9916803055,B_Bmsy only,0.9916803055,0.9810289082386363,1.516639389,0.6433054392499999,North Vancouver Island,srsole,10743.55,4692213.0761389965,0.0022896551852330557
RSOLE5AB,2014,0.9916803055,B_Bmsy only,0.9916803055,0.9810289082386363,1.516639389,0.6433054392499999,Aristazabal Island,srsole,0.8943077851080052,43925.350000000006,2.035971904852221e-5
RSOLE5AB,2015,0.9916803055,B_Bmsy only,0.9916803055,0.9810289082386363,1.516639389,0.6433054392499999,Haida Gwaii,srsole,45806.69838365673,11900006.517350571,0.0038493002770098633
RSOLE5AB,2015,0.9916803055,B_Bmsy only,0.9916803055,0.9810289082386363,1.516639389,0.6433054392499999,Central Coast,srsole,91346.21923486472,7489814.761486887,0.012196058533326205
RSOLE5AB,2015,0.9916803055,B_Bmsy only,0.9916803055,0.9810289082386363,1.516639389,0.6433054392499999,North Vancouver Island,srsole,3609.8,14080445.392822538,2.563697311620614e-4
RSOLE5AB,2015,0.9916803055,B_Bmsy only,0.9916803055,0.9810289082386363,1.516639389,0.6433054392499999,Aristazabal Island,srsole,0.5851872053353091,28485.460000000003,2.0543365118039484e-5
RSOLE5AB,2016,0.9916803055,B_Bmsy only,0.9916803055,0.9810289082386363,1.516639389,0.6433054392499999,NA,NA,NA,NA,NA
RSOLEHSTR,2007,0.1287792877899166,"F_Fmsy, B_Bmsy",0.328199052,0.3923816568181818,2.843601896,0.12529585799999998,North Coast,srsole,196315.17,2272795.24,0.08637609167115291
RSOLEHSTR,2007,0.1287792877899166,"F_Fmsy, B_Bmsy",0.328199052,0.3923816568181818,2.843601896,0.12529585799999998,Haida Gwaii,srsole,304455.6603034215,8397989.8538013,0.03625339701566934
RSOLEHSTR,2007,0.1287792877899166,"F_Fmsy, B_Bmsy",0.328199052,0.3923816568181818,2.843601896,0.12529585799999998,Central Coast,srsole,21893.013760219535,30044714.924770676,7.286810280955475e-4
RSOLEHSTR,2008,0.12693585622246065,"F_Fmsy, B_Bmsy",0.348804863,0.3639165323863636,2.802390274,0.10024654849999999,North Coast,srsole,210640.66,3751913.03,0.05614220220877562
RSOLEHSTR,2008,0.12693585622246065,"F_Fmsy, B_Bmsy",0.348804863,0.3639165323863636,2.802390274,0.10024654849999999,Haida Gwaii,srsole,224265.1160201448,7450265.52737244,0.030101627277066813
RSOLEHSTR,2008,0.12693585622246065,"F_Fmsy, B_Bmsy",0.348804863,0.3639165323863636,2.802390274,0.10024654849999999,Central Coast,srsole,6754.529553224734,22705959.03,2.974782762666129e-4
RSOLEHSTR,2008,0.12693585622246065,"F_Fmsy, B_Bmsy",0.348804863,0.3639165323863636,2.802390274,0.10024654849999999,Aristazabal Island,srsole,4.7509573627638355,27200.52,1.7466421093287319e-4
RSOLEHSTR,2009,0.1460857199969431,"F_Fmsy, B_Bmsy",0.39001648450000004,0.37456293721590905,2.719967031,0.10961538474999999,North Coast,srsole,175091.31,842187.1699999999,0.20790070929244864
RSOLEHSTR,2009,0.1460857199969431,"F_Fmsy, B_Bmsy",0.39001648450000004,0.37456293721590905,2.719967031,0.10961538474999999,Haida Gwaii,srsole,493414.9250011826,7728132.262852078,0.06384659426352611
RSOLEHSTR,2009,0.1460857199969431,"F_Fmsy, B_Bmsy",0.39001648450000004,0.37456293721590905,2.719967031,0.10961538474999999,Central Coast,srsole,19210.86563935086,12261406.66,0.0015667750179122484
RSOLEHSTR,2009,0.1460857199969431,"F_Fmsy, B_Bmsy",0.39001648450000004,0.37456293721590905,2.719967031,0.10961538474999999,Aristazabal Island,srsole,22.469691789465024,25609.350000000002,8.774018781993694e-4
RSOLEHSTR,2010,0.16658185639231454,"F_Fmsy, B_Bmsy",0.4518339170000001,0.3686793977272727,2.596332166,0.10443786999999999,North Coast,srsole,171618.63,1510411.17,0.1136237823241204
RSOLEHSTR,2010,0.16658185639231454,"F_Fmsy, B_Bmsy",0.4518339170000001,0.3686793977272727,2.596332166,0.10443786999999999,Haida Gwaii,srsole,276440.7820304293,9271802.082339548,0.029815216025477882
RSOLEHSTR,2010,0.16658185639231454,"F_Fmsy, B_Bmsy",0.4518339170000001,0.3686793977272727,2.596332166,0.10443786999999999,Central Coast,srsole,50213.11273521562,8697299.17568458,0.00577341444980973
RSOLEHSTR,2010,0.16658185639231454,"F_Fmsy, B_Bmsy",0.4518339170000001,0.3686793977272727,2.596332166,0.10443786999999999,Aristazabal Island,srsole,4.721750657664877,50359.26,9.376131932170722e-5
RSOLEHSTR,2011,0.160676350316294,"F_Fmsy, B_Bmsy",0.4312281065000001,0.3726017573863636,2.637543787,0.10788954649999999,North Coast,srsole,388373.1,1116084.9,0.34797809736517354
RSOLEHSTR,2011,0.160676350316294,"F_Fmsy, B_Bmsy",0.4312281065000001,0.3726017573863636,2.637543787,0.10788954649999999,Haida Gwaii,srsole,172985.83915520654,6944092.757467857,0.02491122241550894
RSOLEHSTR,2011,0.160676350316294,"F_Fmsy, B_Bmsy",0.4312281065000001,0.3726017573863636,2.637543787,0.10788954649999999,Central Coast,srsole,42685.89476146827,9898788.07529295,0.004312234430799752
RSOLEHSTR,2011,0.160676350316294,"F_Fmsy, B_Bmsy",0.4312281065000001,0.3726017573863636,2.637543787,0.10788954649999999,Aristazabal Island,srsole,7.282205138006864,30500.67,2.387555794022513e-4
RSOLEHSTR,2012,0.13388467413146504,"F_Fmsy, B_Bmsy",0.3591077684999999,0.3728258920454545,2.781784463,0.10808678499999999,North Coast,srsole,214259.47,1012947.5,0.21152080438522233
RSOLEHSTR,2012,0.13388467413146504,"F_Fmsy, B_Bmsy",0.3591077684999999,0.3728258920454545,2.781784463,0.10808678499999999,Haida Gwaii,srsole,231448.70617555926,6389441.196061395,0.03622362254749755
RSOLEHSTR,2012,0.13388467413146504,"F_Fmsy, B_Bmsy",0.3591077684999999,0.3728258920454545,2.781784463,0.10808678499999999,Central Coast,srsole,33153.07353177037,6656683.4033447895,0.0049804191551474294
RSOLEHSTR,2012,0.13388467413146504,"F_Fmsy, B_Bmsy",0.3591077684999999,0.3728258920454545,2.781784463,0.10808678499999999,Aristazabal Island,srsole,28.71992668064204,28531.95,0.0010065882871882939
RSOLEHSTR,2013,0.09033581851815052,"F_Fmsy, B_Bmsy",0.25607871400000004,0.35276582386363636,2.987842572,0.090433925,North Coast,srsole,307799.22,1183364.02,0.2601052717489247
RSOLEHSTR,2013,0.09033581851815052,"F_Fmsy, B_Bmsy",0.25607871400000004,0.35276582386363636,2.987842572,0.090433925,Haida Gwaii,srsole,206931.15720586677,6443468.015006261,0.03211487303482265
RSOLEHSTR,2013,0.09033581851815052,"F_Fmsy, B_Bmsy",0.25607871400000004,0.35276582386363636,2.987842572,0.090433925,Central Coast,srsole,21139.944221659895,4688138.166383292,0.004509240869487535
RSOLEHSTR,2014,0.1633525655000001,B_Bmsy only,0.1633525655000001,0.35276582386363636,3.173294869,0.090433925,North Coast,srsole,216393.49,835639.5377615126,0.2589555426968771
RSOLEHSTR,2014,0.1633525655000001,B_Bmsy only,0.1633525655000001,0.35276582386363636,3.173294869,0.090433925,Haida Gwaii,srsole,151153.6378043871,10173143.454467628,0.014858105410673887
RSOLEHSTR,2014,0.1633525655000001,B_Bmsy only,0.1633525655000001,0.35276582386363636,3.173294869,0.090433925,Central Coast,srsole,25389.557630837502,2313565.739100734,0.010974210588330306
RSOLEHSTR,2014,0.1633525655000001,B_Bmsy only,0.1633525655000001,0.35276582386363636,3.173294869,0.090433925,Aristazabal Island,srsole,32.925692214891995,43925.350000000006,7.495829222736299e-4
RSOLEHSTR,2015,0.1633525655000001,B_Bmsy only,0.1633525655000001,0.35276582386363636,3.173294869,0.090433925,North Coast,srsole,150061.33,728413.965742319,0.20601105560500074
RSOLEHSTR,2015,0.1633525655000001,B_Bmsy only,0.1633525655000001,0.35276582386363636,3.173294869,0.090433925,Haida Gwaii,srsole,192239.63161634325,11900006.517350571,0.01615458204464443
RSOLEHSTR,2015,0.1633525655000001,B_Bmsy only,0.1633525655000001,0.35276582386363636,3.173294869,0.090433925,Central Coast,srsole,11724.550765135295,7489814.761486887,0.0015653992973796488
RSOLEHSTR,2015,0.1633525655000001,B_Bmsy only,0.1633525655000001,0.35276582386363636,3.173294869,0.090433925,Aristazabal Island,srsole,21.54481279466469,28485.460000000003,7.563442119124876e-4
RSOLEHSTR,2016,0.1633525655000001,B_Bmsy only,0.1633525655000001,0.35276582386363636,3.173294869,0.090433925,NA,NA,NA,NA,NA
SABLEFPCAN,2007,0.6704545453124999,"F_Fmsy, B_Bmsy",1,0.6704545453124999,0.903179191,1.46363636375,West Vancouver Island,sablefish,930955.14,30681373.5779273,0.030342681289528217
SABLEFPCAN,2007,0.6704545453124999,"F_Fmsy, B_Bmsy",1,0.6704545453124999,0.903179191,1.46363636375,Strait of Georgia,sablefish,469.5,7543.88,0.06223587861949024
SABLEFPCAN,2007,0.6704545453124999,"F_Fmsy, B_Bmsy",1,0.6704545453124999,0.903179191,1.46363636375,North Coast,sablefish,8291.45,2272795.24,0.0036481289005163525
SABLEFPCAN,2007,0.6704545453124999,"F_Fmsy, B_Bmsy",1,0.6704545453124999,0.903179191,1.46363636375,Haida Gwaii,sablefish,1903181.71,8397989.8538013,0.22662348289674772
SABLEFPCAN,2007,0.6704545453124999,"F_Fmsy, B_Bmsy",1,0.6704545453124999,0.903179191,1.46363636375,Central Coast,sablefish,252827.51,30044714.924770676,0.00841504106905517
SABLEFPCAN,2007,0.6704545453124999,"F_Fmsy, B_Bmsy",1,0.6704545453124999,0.903179191,1.46363636375,North Vancouver Island,sablefish,229609.82,9928354.334587734,0.02312667459904213
SABLEFPCAN,2007,0.6704545453124999,"F_Fmsy, B_Bmsy",1,0.6704545453124999,0.903179191,1.46363636375,Aristazabal Island,sablefish,104.11,27757.55,0.0037506912533707046
SABLEFPCAN,2007,0.6704545453124999,"F_Fmsy, B_Bmsy",1,0.6704545453124999,0.903179191,1.46363636375,Pacific Offshore,sablefish,69852.62,1981902.384389407,0.03524523737909548
SABLEFPCAN,2008,0.6221590909374999,"F_Fmsy, B_Bmsy",1,0.6221590909374999,0.867052023,1.50227272725,West Vancouver Island,sablefish,924596.85,44525792.283606194,0.02076542162598248
SABLEFPCAN,2008,0.6221590909374999,"F_Fmsy, B_Bmsy",1,0.6221590909374999,0.867052023,1.50227272725,Strait of Georgia,sablefish,24.17,4651.72,0.00519592752788216
SABLEFPCAN,2008,0.6221590909374999,"F_Fmsy, B_Bmsy",1,0.6221590909374999,0.867052023,1.50227272725,North Coast,sablefish,14565.78,3751913.03,0.0038822275152790527
SABLEFPCAN,2008,0.6221590909374999,"F_Fmsy, B_Bmsy",1,0.6221590909374999,0.867052023,1.50227272725,Haida Gwaii,sablefish,1642115.32,7450265.52737244,0.22041030805772385
SABLEFPCAN,2008,0.6221590909374999,"F_Fmsy, B_Bmsy",1,0.6221590909374999,0.867052023,1.50227272725,Central Coast,sablefish,185446.82,22705959.03,0.008167319414034898
SABLEFPCAN,2008,0.6221590909374999,"F_Fmsy, B_Bmsy",1,0.6221590909374999,0.867052023,1.50227272725,North Vancouver Island,sablefish,280645.4,2432808.94,0.1153585862768163
SABLEFPCAN,2008,0.6221590909374999,"F_Fmsy, B_Bmsy",1,0.6221590909374999,0.867052023,1.50227272725,Aristazabal Island,sablefish,329.54,27200.52,0.012115209562170135
SABLEFPCAN,2008,0.6221590909374999,"F_Fmsy, B_Bmsy",1,0.6221590909374999,0.867052023,1.50227272725,Pacific Offshore,sablefish,45407.62,1109404.8105741723,0.04092971255145297
SABLEFPCAN,2009,0.7585227271875,"F_Fmsy, B_Bmsy",1,0.7585227271875,0.820086705,1.39318181825,West Vancouver Island,sablefish,465562.55,37598428.74554375,0.012382500161131854
SABLEFPCAN,2009,0.7585227271875,"F_Fmsy, B_Bmsy",1,0.7585227271875,0.820086705,1.39318181825,North Coast,sablefish,8658.93,842187.1699999999,0.010281479353336623
SABLEFPCAN,2009,0.7585227271875,"F_Fmsy, B_Bmsy",1,0.7585227271875,0.820086705,1.39318181825,Haida Gwaii,sablefish,1649913.23,7728132.262852078,0.21349443486246664
SABLEFPCAN,2009,0.7585227271875,"F_Fmsy, B_Bmsy",1,0.7585227271875,0.820086705,1.39318181825,Central Coast,sablefish,216134.98,12261406.66,0.01762725811102003
SABLEFPCAN,2009,0.7585227271875,"F_Fmsy, B_Bmsy",1,0.7585227271875,0.820086705,1.39318181825,North Vancouver Island,sablefish,135841.75,5620329.139967901,0.02416971437384107
SABLEFPCAN,2009,0.7585227271875,"F_Fmsy, B_Bmsy",1,0.7585227271875,0.820086705,1.39318181825,Aristazabal Island,sablefish,253.18,25609.350000000002,0.009886232957884522
SABLEFPCAN,2009,0.7585227271875,"F_Fmsy, B_Bmsy",1,0.7585227271875,0.820086705,1.39318181825,Pacific Offshore,sablefish,79199.76,1363114.621520221,0.05810205447849428
SABLEFPCAN,2010,0.8640133095986144,"F_Fmsy, B_Bmsy",0.9799494225,0.8816917381249995,0.783959538,1.2545454545,West Vancouver Island,sablefish,268583.77,50293848.72181379,0.0053402906483772045
SABLEFPCAN,2010,0.8640133095986144,"F_Fmsy, B_Bmsy",0.9799494225,0.8816917381249995,0.783959538,1.2545454545,Strait of Georgia,sablefish,564.2,5777.28,0.09765841364794507
SABLEFPCAN,2010,0.8640133095986144,"F_Fmsy, B_Bmsy",0.9799494225,0.8816917381249995,0.783959538,1.2545454545,North Coast,sablefish,391459.93,1510411.17,0.2591744140769298
SABLEFPCAN,2010,0.8640133095986144,"F_Fmsy, B_Bmsy",0.9799494225,0.8816917381249995,0.783959538,1.2545454545,Haida Gwaii,sablefish,2373431.02,9271802.082339548,0.25598378814845385
SABLEFPCAN,2010,0.8640133095986144,"F_Fmsy, B_Bmsy",0.9799494225,0.8816917381249995,0.783959538,1.2545454545,Central Coast,sablefish,750404.56,8697299.17568458,0.08628018248445896
SABLEFPCAN,2010,0.8640133095986144,"F_Fmsy, B_Bmsy",0.9799494225,0.8816917381249995,0.783959538,1.2545454545,North Vancouver Island,sablefish,175089.05,2809721.113500238,0.06231545513849276
SABLEFPCAN,2010,0.8640133095986144,"F_Fmsy, B_Bmsy",0.9799494225,0.8816917381249995,0.783959538,1.2545454545,Aristazabal Island,sablefish,24964.63,50359.26,0.4957306759471843
SABLEFPCAN,2010,0.8640133095986144,"F_Fmsy, B_Bmsy",0.9799494225,0.8816917381249995,0.783959538,1.2545454545,Pacific Offshore,sablefish,5871.03,8853016.400050795,6.631671889782463e-4
SABLEFPCAN,2011,0.8640133095986144,"F_Fmsy, B_Bmsy",0.9799494225,0.8816917381249995,0.783959538,1.2545454545,West Vancouver Island,sablefish,564190.9,38430000.49333815,0.01468100163302893
SABLEFPCAN,2011,0.8640133095986144,"F_Fmsy, B_Bmsy",0.9799494225,0.8816917381249995,0.783959538,1.2545454545,Strait of Georgia,sablefish,0,5808.61,0
SABLEFPCAN,2011,0.8640133095986144,"F_Fmsy, B_Bmsy",0.9799494225,0.8816917381249995,0.783959538,1.2545454545,North Coast,sablefish,7768.41,1116084.9,0.006960411345050901
SABLEFPCAN,2011,0.8640133095986144,"F_Fmsy, B_Bmsy",0.9799494225,0.8816917381249995,0.783959538,1.2545454545,Haida Gwaii,sablefish,1164437.1,6944092.757467857,0.16768743458211072
SABLEFPCAN,2011,0.8640133095986144,"F_Fmsy, B_Bmsy",0.9799494225,0.8816917381249995,0.783959538,1.2545454545,Central Coast,sablefish,148430.8,9898788.07529295,0.014994845719596563
SABLEFPCAN,2011,0.8640133095986144,"F_Fmsy, B_Bmsy",0.9799494225,0.8816917381249995,0.783959538,1.2545454545,North Vancouver Island,sablefish,150088.9,12968920.78462711,0.01157296759634078
SABLEFPCAN,2011,0.8640133095986144,"F_Fmsy, B_Bmsy",0.9799494225,0.8816917381249995,0.783959538,1.2545454545,Aristazabal Island,sablefish,367.95,30500.67,0.01206366942103239
SABLEFPCAN,2011,0.8640133095986144,"F_Fmsy, B_Bmsy",0.9799494225,0.8816917381249995,0.783959538,1.2545454545,Pacific Offshore,sablefish,77906.35,1307708.5958635071,0.05957470207539381
SABLEFPCAN,2012,0.8640133095986144,"F_Fmsy, B_Bmsy",0.9799494225,0.8816917381249995,0.783959538,1.2545454545,West Vancouver Island,sablefish,485565.84,31486315.389975484,0.0154214881603642
SABLEFPCAN,2012,0.8640133095986144,"F_Fmsy, B_Bmsy",0.9799494225,0.8816917381249995,0.783959538,1.2545454545,Strait of Georgia,sablefish,0,459578.76,0
SABLEFPCAN,2012,0.8640133095986144,"F_Fmsy, B_Bmsy",0.9799494225,0.8816917381249995,0.783959538,1.2545454545,North Coast,sablefish,8150.86,1012947.5,0.008046675666804054
SABLEFPCAN,2012,0.8640133095986144,"F_Fmsy, B_Bmsy",0.9799494225,0.8816917381249995,0.783959538,1.2545454545,Haida Gwaii,sablefish,1241996.12,6389441.196061395,0.19438258869423453
SABLEFPCAN,2012,0.8640133095986144,"F_Fmsy, B_Bmsy",0.9799494225,0.8816917381249995,0.783959538,1.2545454545,Central Coast,sablefish,222264.95,6656683.4033447895,0.033389743289926985
SABLEFPCAN,2012,0.8640133095986144,"F_Fmsy, B_Bmsy",0.9799494225,0.8816917381249995,0.783959538,1.2545454545,North Vancouver Island,sablefish,152628.19,15909815.066224184,0.00959333526912093
SABLEFPCAN,2012,0.8640133095986144,"F_Fmsy, B_Bmsy",0.9799494225,0.8816917381249995,0.783959538,1.2545454545,Aristazabal Island,sablefish,27.21,28531.95,9.536677303864615e-4
SABLEFPCAN,2012,0.8640133095986144,"F_Fmsy, B_Bmsy",0.9799494225,0.8816917381249995,0.783959538,1.2545454545,Pacific Offshore,sablefish,94070.46,5900517.581515194,0.015942747174366296
SABLEFPCAN,2013,0.8640133095986144,"F_Fmsy, B_Bmsy",0.9799494225,0.8816917381249995,0.783959538,1.2545454545,West Vancouver Island,sablefish,540341.98,35427766.426492356,0.015251934697072528
SABLEFPCAN,2013,0.8640133095986144,"F_Fmsy, B_Bmsy",0.9799494225,0.8816917381249995,0.783959538,1.2545454545,Strait of Georgia,sablefish,0,2220359.48,0
SABLEFPCAN,2013,0.8640133095986144,"F_Fmsy, B_Bmsy",0.9799494225,0.8816917381249995,0.783959538,1.2545454545,North Coast,sablefish,8745.76,1183364.02,0.007390591442859654
SABLEFPCAN,2013,0.8640133095986144,"F_Fmsy, B_Bmsy",0.9799494225,0.8816917381249995,0.783959538,1.2545454545,Haida Gwaii,sablefish,950863.04,6443468.015006261,0.1475700721700682
SABLEFPCAN,2013,0.8640133095986144,"F_Fmsy, B_Bmsy",0.9799494225,0.8816917381249995,0.783959538,1.2545454545,Central Coast,sablefish,154926.04,4688138.166383292,0.03304638952642455
SABLEFPCAN,2013,0.8640133095986144,"F_Fmsy, B_Bmsy",0.9799494225,0.8816917381249995,0.783959538,1.2545454545,North Vancouver Island,sablefish,228410.96,18249848.253834505,0.01251577310797684
SABLEFPCAN,2013,0.8640133095986144,"F_Fmsy, B_Bmsy",0.9799494225,0.8816917381249995,0.783959538,1.2545454545,Aristazabal Island,sablefish,0,32967.89,0
SABLEFPCAN,2013,0.8640133095986144,"F_Fmsy, B_Bmsy",0.9799494225,0.8816917381249995,0.783959538,1.2545454545,Pacific Offshore,sablefish,40791.38,9924771.960718708,0.004110057154103727
SABLEFPCAN,2014,0.8640133095986144,"F_Fmsy, B_Bmsy",0.9799494225,0.8816917381249995,0.783959538,1.2545454545,West Vancouver Island,sablefish,487052.11,32062018.96479735,0.01519093699416625
SABLEFPCAN,2014,0.8640133095986144,"F_Fmsy, B_Bmsy",0.9799494225,0.8816917381249995,0.783959538,1.2545454545,North Coast,sablefish,7099.37,835639.5377615126,0.008495732524836715
SABLEFPCAN,2014,0.8640133095986144,"F_Fmsy, B_Bmsy",0.9799494225,0.8816917381249995,0.783959538,1.2545454545,Haida Gwaii,sablefish,917060.9,10173143.454467628,0.09014528342242775
SABLEFPCAN,2014,0.8640133095986144,"F_Fmsy, B_Bmsy",0.9799494225,0.8816917381249995,0.783959538,1.2545454545,Central Coast,sablefish,127534.45,2313565.739100734,0.05512462768815539
SABLEFPCAN,2014,0.8640133095986144,"F_Fmsy, B_Bmsy",0.9799494225,0.8816917381249995,0.783959538,1.2545454545,North Vancouver Island,sablefish,133841.37,4692213.0761389965,0.028524145819509933
SABLEFPCAN,2014,0.8640133095986144,"F_Fmsy, B_Bmsy",0.9799494225,0.8816917381249995,0.783959538,1.2545454545,Aristazabal Island,sablefish,0,43925.350000000006,0
SABLEFPCAN,2014,0.8640133095986144,"F_Fmsy, B_Bmsy",0.9799494225,0.8816917381249995,0.783959538,1.2545454545,Pacific Offshore,sablefish,40073.79,7443349.461424717,0.005383838311996916
SABLEFPCAN,2015,0.8640133095986144,"F_Fmsy, B_Bmsy",0.9799494225,0.8816917381249995,0.783959538,1.2545454545,West Vancouver Island,sablefish,837084.89,25031930.69394478,0.03344068422986209
SABLEFPCAN,2015,0.8640133095986144,"F_Fmsy, B_Bmsy",0.9799494225,0.8816917381249995,0.783959538,1.2545454545,North Coast,sablefish,9895.89,728413.965742319,0.013585530296519235
SABLEFPCAN,2015,0.8640133095986144,"F_Fmsy, B_Bmsy",0.9799494225,0.8816917381249995,0.783959538,1.2545454545,Haida Gwaii,sablefish,1250106.27,11900006.517350571,0.10505088952491808
SABLEFPCAN,2015,0.8640133095986144,"F_Fmsy, B_Bmsy",0.9799494225,0.8816917381249995,0.783959538,1.2545454545,Central Coast,sablefish,167686.88,7489814.761486887,0.022388655172389152
SABLEFPCAN,2015,0.8640133095986144,"F_Fmsy, B_Bmsy",0.9799494225,0.8816917381249995,0.783959538,1.2545454545,North Vancouver Island,sablefish,285670.17,14080445.392822538,0.020288432789606178
SABLEFPCAN,2015,0.8640133095986144,"F_Fmsy, B_Bmsy",0.9799494225,0.8816917381249995,0.783959538,1.2545454545,Aristazabal Island,sablefish,56.66,28485.460000000003,0.0019890849577293116
SABLEFPCAN,2015,0.8640133095986144,"F_Fmsy, B_Bmsy",0.9799494225,0.8816917381249995,0.783959538,1.2545454545,Pacific Offshore,sablefish,36466.23,3525191.056640329,0.010344469112194452
SABLEFPCAN,2016,0.8640133095986144,"F_Fmsy, B_Bmsy",0.9799494225,0.8816917381249995,0.783959538,1.2545454545,NA,NA,NA,NA,NA
